state,year,effective_min_wage
AK,1968,2.1
AK,1969,2.1
AK,1970,2.1
AK,1971,2.1
AK,1972,2.1
AK,1973,2.1
AK,1974,2.1
AK,1975,2.1
AK,1976,2.8
AK,1977,2.8
AK,1978,2.8
AK,1979,3.4
AK,1980,3.6
AK,1981,3.85
AK,1982,3.85
AK,1983,3.85
AK,1984,3.85
AK,1985,3.85
AK,1986,3.85
AK,1987,3.85
AK,1988,3.85
AK,1989,3.85
AK,1990,3.85
AK,1991,4.3
AK,1992,4.75
AK,1993,4.75
AK,1994,4.75
AK,1995,4.75
AK,1996,4.75
AK,1997,5.25
AK,1998,5.65
AK,1999,5.65
AK,2000,5.65
AK,2001,5.65
AK,2002,5.65
AK,2003,7.15
AK,2004,7.15
AK,2005,7.15
AK,2006,7.15
AK,2007,7.15
AK,2008,7.15
AK,2009,7.25
AK,2010,7.75
AK,2011,7.75
AK,2012,7.75
AK,2013,7.75
AK,2014,7.75
AK,2015,8.75
AK,2016,9.75
AK,2017,9.8
AK,2018,9.84
AK,2019,9.89
AK,2020,10.19
AK,2021,10.34
AK,2022,10.34
AK,2023,10.85
AK,2024,11.73
AK,2025,11.91
AK,2026,14.0
AL,1968,1.6
AL,1969,1.6
AL,1970,1.6
AL,1971,1.6
AL,1972,1.6
AL,1973,1.6
AL,1974,2.0
AL,1975,2.1
AL,1976,2.3
AL,1977,2.3
AL,1978,2.65
AL,1979,2.9
AL,1980,3.1
AL,1981,3.35
AL,1982,3.35
AL,1983,3.35
AL,1984,3.35
AL,1985,3.35
AL,1986,3.35
AL,1987,3.35
AL,1988,3.35
AL,1989,3.35
AL,1990,3.8
AL,1991,4.25
AL,1992,4.25
AL,1993,4.25
AL,1994,4.25
AL,1995,4.25
AL,1996,4.75
AL,1997,5.15
AL,1998,5.15
AL,1999,5.15
AL,2000,5.15
AL,2001,5.15
AL,2002,5.15
AL,2003,5.15
AL,2004,5.15
AL,2005,5.15
AL,2006,5.15
AL,2007,5.85
AL,2008,6.55
AL,2009,7.25
AL,2010,7.25
AL,2011,7.25
AL,2012,7.25
AL,2013,7.25
AL,2014,7.25
AL,2015,7.25
AL,2016,7.25
AL,2017,7.25
AL,2018,7.25
AL,2019,7.25
AL,2020,7.25
AL,2021,7.25
AL,2022,7.25
AL,2023,7.25
AL,2024,7.25
AL,2025,7.25
AL,2026,7.25
AR,1968,1.6
AR,1969,1.6
AR,1970,1.6
AR,1971,1.6
AR,1972,1.6
AR,1973,1.6
AR,1974,2.0
AR,1975,2.1
AR,1976,2.3
AR,1977,2.3
AR,1978,2.65
AR,1979,2.9
AR,1980,3.1
AR,1981,3.35
AR,1982,3.35
AR,1983,3.35
AR,1984,3.35
AR,1985,3.35
AR,1986,3.35
AR,1987,3.35
AR,1988,3.35
AR,1989,3.35
AR,1990,3.8
AR,1991,4.25
AR,1992,4.25
AR,1993,4.25
AR,1994,4.25
AR,1995,4.25
AR,1996,4.75
AR,1997,5.15
AR,1998,5.15
AR,1999,5.15
AR,2000,5.15
AR,2001,5.15
AR,2002,5.15
AR,2003,5.15
AR,2004,5.15
AR,2005,5.15
AR,2006,5.15
AR,2007,6.25
AR,2008,6.55
AR,2009,7.25
AR,2010,7.25
AR,2011,7.25
AR,2012,7.25
AR,2013,7.25
AR,2014,7.25
AR,2015,7.5
AR,2016,8.0
AR,2017,8.5
AR,2018,8.5
AR,2019,9.25
AR,2020,10.0
AR,2021,11.0
AR,2022,11.0
AR,2023,11.0
AR,2024,11.0
AR,2025,11.0
AR,2026,11.0
AZ,1968,1.6
AZ,1969,1.6
AZ,1970,1.6
AZ,1971,1.6
AZ,1972,1.6
AZ,1973,1.6
AZ,1974,2.0
AZ,1975,2.1
AZ,1976,2.3
AZ,1977,2.3
AZ,1978,2.65
AZ,1979,2.9
AZ,1980,3.1
AZ,1981,3.35
AZ,1982,3.35
AZ,1983,3.35
AZ,1984,3.35
AZ,1985,3.35
AZ,1986,3.35
AZ,1987,3.35
AZ,1988,3.35
AZ,1989,3.35
AZ,1990,3.8
AZ,1991,4.25
AZ,1992,4.25
AZ,1993,4.25
AZ,1994,4.25
AZ,1995,4.25
AZ,1996,4.75
AZ,1997,5.15
AZ,1998,5.15
AZ,1999,5.15
AZ,2000,5.15
AZ,2001,5.15
AZ,2002,5.15
AZ,2003,5.15
AZ,2004,5.15
AZ,2005,5.15
AZ,2006,5.15
AZ,2007,6.75
AZ,2008,6.9
AZ,2009,7.25
AZ,2010,7.25
AZ,2011,7.35
AZ,2012,7.65
AZ,2013,7.8
AZ,2014,7.9
AZ,2015,8.05
AZ,2016,8.05
AZ,2017,10.0
AZ,2018,10.5
AZ,2019,11.0
AZ,2020,12.0
AZ,2021,12.15
AZ,2022,12.8
AZ,2023,13.85
AZ,2024,14.35
AZ,2025,14.7
AZ,2026,15.15
CA,1968,1.65
CA,1969,1.65
CA,1970,1.65
CA,1971,1.65
CA,1972,1.65
CA,1973,1.65
CA,1974,2.0
CA,1975,2.1
CA,1976,2.3
CA,1977,2.3
CA,1978,2.65
CA,1979,2.9
CA,1980,3.1
CA,1981,3.35
CA,1982,3.35
CA,1983,3.35
CA,1984,3.35
CA,1985,3.35
CA,1986,3.35
CA,1987,3.35
CA,1988,3.35
CA,1989,3.35
CA,1990,3.8
CA,1991,4.25
CA,1992,4.25
CA,1993,4.25
CA,1994,4.25
CA,1995,4.25
CA,1996,4.75
CA,1997,5.15
CA,1998,5.15
CA,1999,5.15
CA,2000,5.75
CA,2001,6.25
CA,2002,6.75
CA,2003,6.75
CA,2004,6.75
CA,2005,6.75
CA,2006,6.75
CA,2007,7.5
CA,2008,8.0
CA,2009,8.0
CA,2010,8.0
CA,2011,8.0
CA,2012,8.0
CA,2013,8.0
CA,2014,9.0
CA,2015,9.0
CA,2016,10.0
CA,2017,10.5
CA,2018,11.0
CA,2019,12.0
CA,2020,12.0
CA,2021,13.0
CA,2022,14.0
CA,2023,15.5
CA,2024,16.0
CA,2025,16.5
CA,2026,16.9
CO,1968,1.6
CO,1969,1.6
CO,1970,1.6
CO,1971,1.6
CO,1972,1.6
CO,1973,1.6
CO,1974,2.0
CO,1975,2.1
CO,1976,2.3
CO,1977,2.3
CO,1978,2.65
CO,1979,2.9
CO,1980,3.1
CO,1981,3.35
CO,1982,3.35
CO,1983,3.35
CO,1984,3.35
CO,1985,3.35
CO,1986,3.35
CO,1987,3.35
CO,1988,3.35
CO,1989,3.35
CO,1990,3.8
CO,1991,4.25
CO,1992,4.25
CO,1993,4.25
CO,1994,4.25
CO,1995,4.25
CO,1996,4.75
CO,1997,5.15
CO,1998,5.15
CO,1999,5.15
CO,2000,5.15
CO,2001,5.15
CO,2002,5.15
CO,2003,5.15
CO,2004,5.15
CO,2005,5.15
CO,2006,5.15
CO,2007,6.85
CO,2008,7.02
CO,2009,7.28
CO,2010,7.25
CO,2011,7.36
CO,2012,7.64
CO,2013,7.78
CO,2014,8.0
CO,2015,8.23
CO,2016,8.31
CO,2017,9.3
CO,2018,10.2
CO,2019,11.1
CO,2020,12.0
CO,2021,12.32
CO,2022,12.56
CO,2023,13.65
CO,2024,14.42
CO,2025,14.81
CO,2026,15.16
CT,1968,1.6
CT,1969,1.6
CT,1970,1.6
CT,1971,1.6
CT,1972,1.85
CT,1973,1.85
CT,1974,2.0
CT,1975,2.1
CT,1976,2.31
CT,1977,2.31
CT,1978,2.65
CT,1979,2.91
CT,1980,3.12
CT,1981,3.37
CT,1982,3.37
CT,1983,3.37
CT,1984,3.37
CT,1985,3.37
CT,1986,3.37
CT,1987,3.37
CT,1988,3.75
CT,1989,3.75
CT,1990,3.8
CT,1991,4.25
CT,1992,4.27
CT,1993,4.27
CT,1994,4.27
CT,1995,4.27
CT,1996,4.75
CT,1997,5.15
CT,1998,5.18
CT,1999,5.18
CT,2000,6.15
CT,2001,6.4
CT,2002,6.7
CT,2003,6.9
CT,2004,7.1
CT,2005,7.1
CT,2006,7.4
CT,2007,7.65
CT,2008,7.65
CT,2009,8.0
CT,2010,8.25
CT,2011,8.25
CT,2012,8.25
CT,2013,8.25
CT,2014,8.7
CT,2015,9.15
CT,2016,9.6
CT,2017,10.1
CT,2018,10.1
CT,2019,11.0
CT,2020,12.0
CT,2021,13.0
CT,2022,14.0
CT,2023,14.0
CT,2024,15.69
CT,2025,16.35
CT,2026,16.94
DE,1968,1.6
DE,1969,1.6
DE,1970,1.6
DE,1971,1.6
DE,1972,1.6
DE,1973,1.6
DE,1974,2.0
DE,1975,2.1
DE,1976,2.3
DE,1977,2.3
DE,1978,2.65
DE,1979,2.9
DE,1980,3.1
DE,1981,3.35
DE,1982,3.35
DE,1983,3.35
DE,1984,3.35
DE,1985,3.35
DE,1986,3.35
DE,1987,3.35
DE,1988,3.35
DE,1989,3.35
DE,1990,3.8
DE,1991,4.25
DE,1992,4.25
DE,1993,4.25
DE,1994,4.25
DE,1995,4.25
DE,1996,4.75
DE,1997,5.15
DE,1998,5.15
DE,1999,5.15
DE,2000,5.65
DE,2001,6.15
DE,2002,6.15
DE,2003,6.15
DE,2004,6.15
DE,2005,6.15
DE,2006,6.15
DE,2007,6.65
DE,2008,7.15
DE,2009,7.25
DE,2010,7.25
DE,2011,7.25
DE,2012,7.25
DE,2013,7.25
DE,2014,7.75
DE,2015,8.25
DE,2016,8.25
DE,2017,8.25
DE,2018,8.25
DE,2019,9.25
DE,2020,9.25
DE,2021,9.25
DE,2022,10.5
DE,2023,11.75
DE,2024,13.25
DE,2025,15.0
DE,2026,15.0
FL,1968,1.6
FL,1969,1.6
FL,1970,1.6
FL,1971,1.6
FL,1972,1.6
FL,1973,1.6
FL,1974,2.0
FL,1975,2.1
FL,1976,2.3
FL,1977,2.3
FL,1978,2.65
FL,1979,2.9
FL,1980,3.1
FL,1981,3.35
FL,1982,3.35
FL,1983,3.35
FL,1984,3.35
FL,1985,3.35
FL,1986,3.35
FL,1987,3.35
FL,1988,3.35
FL,1989,3.35
FL,1990,3.8
FL,1991,4.25
FL,1992,4.25
FL,1993,4.25
FL,1994,4.25
FL,1995,4.25
FL,1996,4.75
FL,1997,5.15
FL,1998,5.15
FL,1999,5.15
FL,2000,5.15
FL,2001,5.15
FL,2002,5.15
FL,2003,5.15
FL,2004,5.15
FL,2005,5.15
FL,2006,6.4
FL,2007,6.67
FL,2008,6.79
FL,2009,7.25
FL,2010,7.25
FL,2011,7.25
FL,2012,7.67
FL,2013,7.79
FL,2014,7.93
FL,2015,8.05
FL,2016,8.05
FL,2017,8.1
FL,2018,8.25
FL,2019,8.46
FL,2020,8.56
FL,2021,10.0
FL,2022,10.0
FL,2023,11.0
FL,2024,12.0
FL,2025,13.0
FL,2026,14.0
GA,1968,1.6
GA,1969,1.6
GA,1970,1.6
GA,1971,1.6
GA,1972,1.6
GA,1973,1.6
GA,1974,2.0
GA,1975,2.1
GA,1976,2.3
GA,1977,2.3
GA,1978,2.65
GA,1979,2.9
GA,1980,3.1
GA,1981,3.35
GA,1982,3.35
GA,1983,3.35
GA,1984,3.35
GA,1985,3.35
GA,1986,3.35
GA,1987,3.35
GA,1988,3.35
GA,1989,3.35
GA,1990,3.8
GA,1991,4.25
GA,1992,4.25
GA,1993,4.25
GA,1994,4.25
GA,1995,4.25
GA,1996,4.75
GA,1997,5.15
GA,1998,5.15
GA,1999,5.15
GA,2000,5.15
GA,2001,5.15
GA,2002,5.15
GA,2003,5.15
GA,2004,5.15
GA,2005,5.15
GA,2006,5.15
GA,2007,5.85
GA,2008,6.55
GA,2009,7.25
GA,2010,7.25
GA,2011,7.25
GA,2012,7.25
GA,2013,7.25
GA,2014,7.25
GA,2015,7.25
GA,2016,7.25
GA,2017,7.25
GA,2018,7.25
GA,2019,7.25
GA,2020,7.25
GA,2021,7.25
GA,2022,7.25
GA,2023,7.25
GA,2024,7.25
GA,2025,7.25
GA,2026,7.25
HI,1968,1.6
HI,1969,1.6
HI,1970,1.6
HI,1971,1.6
HI,1972,1.6
HI,1973,1.6
HI,1974,2.0
HI,1975,2.1
HI,1976,2.4
HI,1977,2.4
HI,1978,2.65
HI,1979,2.9
HI,1980,3.1
HI,1981,3.35
HI,1982,3.35
HI,1983,3.35
HI,1984,3.35
HI,1985,3.35
HI,1986,3.35
HI,1987,3.35
HI,1988,3.85
HI,1989,3.85
HI,1990,3.85
HI,1991,4.25
HI,1992,4.25
HI,1993,4.25
HI,1994,5.25
HI,1995,5.25
HI,1996,5.25
HI,1997,5.25
HI,1998,5.25
HI,1999,5.25
HI,2000,5.25
HI,2001,5.25
HI,2002,5.75
HI,2003,6.25
HI,2004,6.25
HI,2005,6.25
HI,2006,6.75
HI,2007,7.25
HI,2008,7.25
HI,2009,7.25
HI,2010,7.25
HI,2011,7.25
HI,2012,7.25
HI,2013,7.25
HI,2014,7.25
HI,2015,7.75
HI,2016,8.5
HI,2017,9.25
HI,2018,10.1
HI,2019,10.1
HI,2020,10.1
HI,2021,10.1
HI,2022,12.0
HI,2023,12.0
HI,2024,14.0
HI,2025,14.0
HI,2026,16.0
IA,1968,1.6
IA,1969,1.6
IA,1970,1.6
IA,1971,1.6
IA,1972,1.6
IA,1973,1.6
IA,1974,2.0
IA,1975,2.1
IA,1976,2.3
IA,1977,2.3
IA,1978,2.65
IA,1979,2.9
IA,1980,3.1
IA,1981,3.35
IA,1982,3.35
IA,1983,3.35
IA,1984,3.35
IA,1985,3.35
IA,1986,3.35
IA,1987,3.35
IA,1988,3.35
IA,1989,3.35
IA,1990,3.8
IA,1991,4.25
IA,1992,4.65
IA,1993,4.65
IA,1994,4.65
IA,1995,4.65
IA,1996,4.75
IA,1997,5.15
IA,1998,5.15
IA,1999,5.15
IA,2000,5.15
IA,2001,5.15
IA,2002,5.15
IA,2003,5.15
IA,2004,5.15
IA,2005,5.15
IA,2006,5.15
IA,2007,5.85
IA,2008,7.25
IA,2009,7.25
IA,2010,7.25
IA,2011,7.25
IA,2012,7.25
IA,2013,7.25
IA,2014,7.25
IA,2015,7.25
IA,2016,7.25
IA,2017,7.25
IA,2018,7.25
IA,2019,7.25
IA,2020,7.25
IA,2021,7.25
IA,2022,7.25
IA,2023,7.25
IA,2024,7.25
IA,2025,7.25
IA,2026,7.25
ID,1968,1.6
ID,1969,1.6
ID,1970,1.6
ID,1971,1.6
ID,1972,1.6
ID,1973,1.6
ID,1974,2.0
ID,1975,2.1
ID,1976,2.3
ID,1977,2.3
ID,1978,2.65
ID,1979,2.9
ID,1980,3.1
ID,1981,3.35
ID,1982,3.35
ID,1983,3.35
ID,1984,3.35
ID,1985,3.35
ID,1986,3.35
ID,1987,3.35
ID,1988,3.35
ID,1989,3.35
ID,1990,3.8
ID,1991,4.25
ID,1992,4.25
ID,1993,4.25
ID,1994,4.25
ID,1995,4.25
ID,1996,4.75
ID,1997,5.15
ID,1998,5.15
ID,1999,5.15
ID,2000,5.15
ID,2001,5.15
ID,2002,5.15
ID,2003,5.15
ID,2004,5.15
ID,2005,5.15
ID,2006,5.15
ID,2007,5.85
ID,2008,6.55
ID,2009,7.25
ID,2010,7.25
ID,2011,7.25
ID,2012,7.25
ID,2013,7.25
ID,2014,7.25
ID,2015,7.25
ID,2016,7.25
ID,2017,7.25
ID,2018,7.25
ID,2019,7.25
ID,2020,7.25
ID,2021,7.25
ID,2022,7.25
ID,2023,7.25
ID,2024,7.25
ID,2025,7.25
ID,2026,7.25
IL,1968,1.6
IL,1969,1.6
IL,1970,1.6
IL,1971,1.6
IL,1972,1.6
IL,1973,1.6
IL,1974,2.0
IL,1975,2.1
IL,1976,2.3
IL,1977,2.3
IL,1978,2.65
IL,1979,2.9
IL,1980,3.1
IL,1981,3.35
IL,1982,3.35
IL,1983,3.35
IL,1984,3.35
IL,1985,3.35
IL,1986,3.35
IL,1987,3.35
IL,1988,3.35
IL,1989,3.35
IL,1990,3.8
IL,1991,4.25
IL,1992,4.25
IL,1993,4.25
IL,1994,4.25
IL,1995,4.25
IL,1996,4.75
IL,1997,5.15
IL,1998,5.15
IL,1999,5.15
IL,2000,5.15
IL,2001,5.15
IL,2002,5.15
IL,2003,5.15
IL,2004,5.5
IL,2005,6.5
IL,2006,6.5
IL,2007,6.5
IL,2008,7.5
IL,2009,7.75
IL,2010,8.0
IL,2011,8.25
IL,2012,8.25
IL,2013,8.25
IL,2014,8.25
IL,2015,8.25
IL,2016,8.25
IL,2017,8.25
IL,2018,8.25
IL,2019,8.25
IL,2020,10.0
IL,2021,11.0
IL,2022,12.0
IL,2023,13.0
IL,2024,14.0
IL,2025,15.0
IL,2026,15.0
IN,1968,1.6
IN,1969,1.6
IN,1970,1.6
IN,1971,1.6
IN,1972,1.6
IN,1973,1.6
IN,1974,2.0
IN,1975,2.1
IN,1976,2.3
IN,1977,2.3
IN,1978,2.65
IN,1979,2.9
IN,1980,3.1
IN,1981,3.35
IN,1982,3.35
IN,1983,3.35
IN,1984,3.35
IN,1985,3.35
IN,1986,3.35
IN,1987,3.35
IN,1988,3.35
IN,1989,3.35
IN,1990,3.8
IN,1991,4.25
IN,1992,4.25
IN,1993,4.25
IN,1994,4.25
IN,1995,4.25
IN,1996,4.75
IN,1997,5.15
IN,1998,5.15
IN,1999,5.15
IN,2000,5.15
IN,2001,5.15
IN,2002,5.15
IN,2003,5.15
IN,2004,5.15
IN,2005,5.15
IN,2006,5.15
IN,2007,5.85
IN,2008,6.55
IN,2009,7.25
IN,2010,7.25
IN,2011,7.25
IN,2012,7.25
IN,2013,7.25
IN,2014,7.25
IN,2015,7.25
IN,2016,7.25
IN,2017,7.25
IN,2018,7.25
IN,2019,7.25
IN,2020,7.25
IN,2021,7.25
IN,2022,7.25
IN,2023,7.25
IN,2024,7.25
IN,2025,7.25
IN,2026,7.25
KS,1968,1.6
KS,1969,1.6
KS,1970,1.6
KS,1971,1.6
KS,1972,1.6
KS,1973,1.6
KS,1974,2.0
KS,1975,2.1
KS,1976,2.3
KS,1977,2.3
KS,1978,2.65
KS,1979,2.9
KS,1980,3.1
KS,1981,3.35
KS,1982,3.35
KS,1983,3.35
KS,1984,3.35
KS,1985,3.35
KS,1986,3.35
KS,1987,3.35
KS,1988,3.35
KS,1989,3.35
KS,1990,3.8
KS,1991,4.25
KS,1992,4.25
KS,1993,4.25
KS,1994,4.25
KS,1995,4.25
KS,1996,4.75
KS,1997,5.15
KS,1998,5.15
KS,1999,5.15
KS,2000,5.15
KS,2001,5.15
KS,2002,5.15
KS,2003,5.15
KS,2004,5.15
KS,2005,5.15
KS,2006,5.15
KS,2007,5.85
KS,2008,6.55
KS,2009,7.25
KS,2010,7.25
KS,2011,7.25
KS,2012,7.25
KS,2013,7.25
KS,2014,7.25
KS,2015,7.25
KS,2016,7.25
KS,2017,7.25
KS,2018,7.25
KS,2019,7.25
KS,2020,7.25
KS,2021,7.25
KS,2022,7.25
KS,2023,7.25
KS,2024,7.25
KS,2025,7.25
KS,2026,7.25
KY,1968,1.6
KY,1969,1.6
KY,1970,1.6
KY,1971,1.6
KY,1972,1.6
KY,1973,1.6
KY,1974,2.0
KY,1975,2.1
KY,1976,2.3
KY,1977,2.3
KY,1978,2.65
KY,1979,2.9
KY,1980,3.1
KY,1981,3.35
KY,1982,3.35
KY,1983,3.35
KY,1984,3.35
KY,1985,3.35
KY,1986,3.35
KY,1987,3.35
KY,1988,3.35
KY,1989,3.35
KY,1990,3.8
KY,1991,4.25
KY,1992,4.25
KY,1993,4.25
KY,1994,4.25
KY,1995,4.25
KY,1996,4.75
KY,1997,5.15
KY,1998,5.15
KY,1999,5.15
KY,2000,5.15
KY,2001,5.15
KY,2002,5.15
KY,2003,5.15
KY,2004,5.15
KY,2005,5.15
KY,2006,5.15
KY,2007,5.85
KY,2008,6.55
KY,2009,7.25
KY,2010,7.25
KY,2011,7.25
KY,2012,7.25
KY,2013,7.25
KY,2014,7.25
KY,2015,7.25
KY,2016,7.25
KY,2017,7.25
KY,2018,7.25
KY,2019,7.25
KY,2020,7.25
KY,2021,7.25
KY,2022,7.25
KY,2023,7.25
KY,2024,7.25
KY,2025,7.25
KY,2026,7.25
LA,1968,1.6
LA,1969,1.6
LA,1970,1.6
LA,1971,1.6
LA,1972,1.6
LA,1973,1.6
LA,1974,2.0
LA,1975,2.1
LA,1976,2.3
LA,1977,2.3
LA,1978,2.65
LA,1979,2.9
LA,1980,3.1
LA,1981,3.35
LA,1982,3.35
LA,1983,3.35
LA,1984,3.35
LA,1985,3.35
LA,1986,3.35
LA,1987,3.35
LA,1988,3.35
LA,1989,3.35
LA,1990,3.8
LA,1991,4.25
LA,1992,4.25
LA,1993,4.25
LA,1994,4.25
LA,1995,4.25
LA,1996,4.75
LA,1997,5.15
LA,1998,5.15
LA,1999,5.15
LA,2000,5.15
LA,2001,5.15
LA,2002,5.15
LA,2003,5.15
LA,2004,5.15
LA,2005,5.15
LA,2006,5.15
LA,2007,5.85
LA,2008,6.55
LA,2009,7.25
LA,2010,7.25
LA,2011,7.25
LA,2012,7.25
LA,2013,7.25
LA,2014,7.25
LA,2015,7.25
LA,2016,7.25
LA,2017,7.25
LA,2018,7.25
LA,2019,7.25
LA,2020,7.25
LA,2021,7.25
LA,2022,7.25
LA,2023,7.25
LA,2024,7.25
LA,2025,7.25
LA,2026,7.25
MA,1968,1.6
MA,1969,1.6
MA,1970,1.6
MA,1971,1.6
MA,1972,1.75
MA,1973,1.75
MA,1974,2.0
MA,1975,2.1
MA,1976,2.3
MA,1977,2.3
MA,1978,2.65
MA,1979,2.9
MA,1980,3.1
MA,1981,3.35
MA,1982,3.35
MA,1983,3.35
MA,1984,3.35
MA,1985,3.35
MA,1986,3.35
MA,1987,3.35
MA,1988,3.65
MA,1989,3.65
MA,1990,3.8
MA,1991,4.25
MA,1992,4.25
MA,1993,4.25
MA,1994,4.25
MA,1995,4.25
MA,1996,4.75
MA,1997,5.25
MA,1998,5.25
MA,1999,5.25
MA,2000,6.0
MA,2001,6.75
MA,2002,6.75
MA,2003,6.75
MA,2004,6.75
MA,2005,6.75
MA,2006,6.75
MA,2007,7.5
MA,2008,8.0
MA,2009,8.0
MA,2010,8.0
MA,2011,8.0
MA,2012,8.0
MA,2013,8.0
MA,2014,8.0
MA,2015,9.0
MA,2016,10.0
MA,2017,11.0
MA,2018,11.0
MA,2019,12.0
MA,2020,12.75
MA,2021,13.5
MA,2022,14.25
MA,2023,15.0
MA,2024,15.0
MA,2025,15.0
MA,2026,15.0
MD,1968,1.6
MD,1969,1.6
MD,1970,1.6
MD,1971,1.6
MD,1972,1.6
MD,1973,1.6
MD,1974,2.0
MD,1975,2.1
MD,1976,2.3
MD,1977,2.3
MD,1978,2.65
MD,1979,2.9
MD,1980,3.1
MD,1981,3.35
MD,1982,3.35
MD,1983,3.35
MD,1984,3.35
MD,1985,3.35
MD,1986,3.35
MD,1987,3.35
MD,1988,3.35
MD,1989,3.35
MD,1990,3.8
MD,1991,4.25
MD,1992,4.25
MD,1993,4.25
MD,1994,4.25
MD,1995,4.25
MD,1996,4.75
MD,1997,5.15
MD,1998,5.15
MD,1999,5.15
MD,2000,5.15
MD,2001,5.15
MD,2002,5.15
MD,2003,5.15
MD,2004,5.15
MD,2005,5.15
MD,2006,5.15
MD,2007,6.15
MD,2008,6.55
MD,2009,7.25
MD,2010,7.25
MD,2011,7.25
MD,2012,7.25
MD,2013,7.25
MD,2014,7.25
MD,2015,8.25
MD,2016,8.75
MD,2017,9.25
MD,2018,10.1
MD,2019,10.1
MD,2020,11.0
MD,2021,11.75
MD,2022,12.5
MD,2023,13.25
MD,2024,15.0
MD,2025,15.0
MD,2026,15.0
ME,1968,1.6
ME,1969,1.6
ME,1970,1.6
ME,1971,1.6
ME,1972,1.8
ME,1973,1.8
ME,1974,2.0
ME,1975,2.1
ME,1976,2.3
ME,1977,2.3
ME,1978,2.65
ME,1979,2.9
ME,1980,3.1
ME,1981,3.35
ME,1982,3.35
ME,1983,3.35
ME,1984,3.35
ME,1985,3.35
ME,1986,3.35
ME,1987,3.35
ME,1988,3.65
ME,1989,3.65
ME,1990,3.8
ME,1991,4.25
ME,1992,4.25
ME,1993,4.25
ME,1994,4.25
ME,1995,4.25
ME,1996,4.75
ME,1997,5.15
ME,1998,5.15
ME,1999,5.15
ME,2000,5.15
ME,2001,5.15
ME,2002,5.75
ME,2003,6.25
ME,2004,6.25
ME,2005,6.35
ME,2006,6.5
ME,2007,6.75
ME,2008,7.0
ME,2009,7.25
ME,2010,7.5
ME,2011,7.5
ME,2012,7.5
ME,2013,7.5
ME,2014,7.5
ME,2015,7.5
ME,2016,7.5
ME,2017,9.0
ME,2018,10.0
ME,2019,11.0
ME,2020,12.0
ME,2021,12.15
ME,2022,12.75
ME,2023,13.8
ME,2024,14.15
ME,2025,14.65
ME,2026,15.1
MI,1968,1.6
MI,1969,1.6
MI,1970,1.6
MI,1971,1.6
MI,1972,1.6
MI,1973,1.6
MI,1974,2.0
MI,1975,2.1
MI,1976,2.3
MI,1977,2.3
MI,1978,2.65
MI,1979,2.9
MI,1980,3.1
MI,1981,3.35
MI,1982,3.35
MI,1983,3.35
MI,1984,3.35
MI,1985,3.35
MI,1986,3.35
MI,1987,3.35
MI,1988,3.35
MI,1989,3.35
MI,1990,3.8
MI,1991,4.25
MI,1992,4.25
MI,1993,4.25
MI,1994,4.25
MI,1995,4.25
MI,1996,4.75
MI,1997,5.15
MI,1998,5.15
MI,1999,5.15
MI,2000,5.15
MI,2001,5.15
MI,2002,5.15
MI,2003,5.15
MI,2004,5.15
MI,2005,5.15
MI,2006,5.15
MI,2007,6.95
MI,2008,7.15
MI,2009,7.4
MI,2010,7.4
MI,2011,7.4
MI,2012,7.4
MI,2013,7.4
MI,2014,8.15
MI,2015,8.15
MI,2016,8.5
MI,2017,8.9
MI,2018,9.25
MI,2019,9.45
MI,2020,9.65
MI,2021,9.65
MI,2022,9.87
MI,2023,10.1
MI,2024,10.33
MI,2025,10.563
MI,2026,13.73
MN,1968,1.6
MN,1969,1.6
MN,1970,1.6
MN,1971,1.6
MN,1972,1.6
MN,1973,1.6
MN,1974,2.0
MN,1975,2.1
MN,1976,2.3
MN,1977,2.3
MN,1978,2.65
MN,1979,2.9
MN,1980,3.1
MN,1981,3.35
MN,1982,3.35
MN,1983,3.35
MN,1984,3.35
MN,1985,3.35
MN,1986,3.35
MN,1987,3.35
MN,1988,3.55
MN,1989,3.55
MN,1990,3.8
MN,1991,4.25
MN,1992,4.25
MN,1993,4.25
MN,1994,4.25
MN,1995,4.25
MN,1996,4.75
MN,1997,5.15
MN,1998,5.15
MN,1999,5.15
MN,2000,5.15
MN,2001,5.15
MN,2002,5.15
MN,2003,5.15
MN,2004,5.15
MN,2005,5.15
MN,2006,6.15
MN,2007,6.16
MN,2008,6.55
MN,2009,7.25
MN,2010,7.25
MN,2011,7.25
MN,2012,7.25
MN,2013,7.25
MN,2014,8.0
MN,2015,9.0
MN,2016,9.5
MN,2017,9.5
MN,2018,9.65
MN,2019,9.86
MN,2020,10.0
MN,2021,10.08
MN,2022,10.33
MN,2023,10.59
MN,2024,10.85
MN,2025,11.13
MN,2026,11.41
MO,1968,1.6
MO,1969,1.6
MO,1970,1.6
MO,1971,1.6
MO,1972,1.6
MO,1973,1.6
MO,1974,2.0
MO,1975,2.1
MO,1976,2.3
MO,1977,2.3
MO,1978,2.65
MO,1979,2.9
MO,1980,3.1
MO,1981,3.35
MO,1982,3.35
MO,1983,3.35
MO,1984,3.35
MO,1985,3.35
MO,1986,3.35
MO,1987,3.35
MO,1988,3.35
MO,1989,3.35
MO,1990,3.8
MO,1991,4.25
MO,1992,4.25
MO,1993,4.25
MO,1994,4.25
MO,1995,4.25
MO,1996,4.75
MO,1997,5.15
MO,1998,5.15
MO,1999,5.15
MO,2000,5.15
MO,2001,5.15
MO,2002,5.15
MO,2003,5.15
MO,2004,5.15
MO,2005,5.15
MO,2006,5.15
MO,2007,6.5
MO,2008,6.65
MO,2009,7.25
MO,2010,7.25
MO,2011,7.25
MO,2012,7.25
MO,2013,7.35
MO,2014,7.5
MO,2015,7.65
MO,2016,7.65
MO,2017,7.7
MO,2018,7.85
MO,2019,8.6
MO,2020,9.45
MO,2021,10.3
MO,2022,11.15
MO,2023,12.0
MO,2024,12.3
MO,2025,13.75
MO,2026,15.0
MS,1968,1.6
MS,1969,1.6
MS,1970,1.6
MS,1971,1.6
MS,1972,1.6
MS,1973,1.6
MS,1974,2.0
MS,1975,2.1
MS,1976,2.3
MS,1977,2.3
MS,1978,2.65
MS,1979,2.9
MS,1980,3.1
MS,1981,3.35
MS,1982,3.35
MS,1983,3.35
MS,1984,3.35
MS,1985,3.35
MS,1986,3.35
MS,1987,3.35
MS,1988,3.35
MS,1989,3.35
MS,1990,3.8
MS,1991,4.25
MS,1992,4.25
MS,1993,4.25
MS,1994,4.25
MS,1995,4.25
MS,1996,4.75
MS,1997,5.15
MS,1998,5.15
MS,1999,5.15
MS,2000,5.15
MS,2001,5.15
MS,2002,5.15
MS,2003,5.15
MS,2004,5.15
MS,2005,5.15
MS,2006,5.15
MS,2007,5.85
MS,2008,6.55
MS,2009,7.25
MS,2010,7.25
MS,2011,7.25
MS,2012,7.25
MS,2013,7.25
MS,2014,7.25
MS,2015,7.25
MS,2016,7.25
MS,2017,7.25
MS,2018,7.25
MS,2019,7.25
MS,2020,7.25
MS,2021,7.25
MS,2022,7.25
MS,2023,7.25
MS,2024,7.25
MS,2025,7.25
MS,2026,7.25
MT,1968,1.6
MT,1969,1.6
MT,1970,1.6
MT,1971,1.6
MT,1972,1.6
MT,1973,1.6
MT,1974,2.0
MT,1975,2.1
MT,1976,2.3
MT,1977,2.3
MT,1978,2.65
MT,1979,2.9
MT,1980,3.1
MT,1981,3.35
MT,1982,3.35
MT,1983,3.35
MT,1984,3.35
MT,1985,3.35
MT,1986,3.35
MT,1987,3.35
MT,1988,3.35
MT,1989,3.35
MT,1990,3.8
MT,1991,4.25
MT,1992,4.25
MT,1993,4.25
MT,1994,4.25
MT,1995,4.25
MT,1996,4.75
MT,1997,5.15
MT,1998,5.15
MT,1999,5.15
MT,2000,5.15
MT,2001,5.15
MT,2002,5.15
MT,2003,5.15
MT,2004,5.15
MT,2005,5.15
MT,2006,5.15
MT,2007,6.15
MT,2008,6.55
MT,2009,7.25
MT,2010,7.25
MT,2011,7.35
MT,2012,7.65
MT,2013,7.8
MT,2014,7.9
MT,2015,8.05
MT,2016,8.05
MT,2017,8.15
MT,2018,8.3
MT,2019,8.5
MT,2020,8.65
MT,2021,8.75
MT,2022,9.2
MT,2023,9.95
MT,2024,10.3
MT,2025,10.55
MT,2026,10.853
NC,1968,1.6
NC,1969,1.6
NC,1970,1.6
NC,1971,1.6
NC,1972,1.6
NC,1973,1.6
NC,1974,2.0
NC,1975,2.1
NC,1976,2.3
NC,1977,2.3
NC,1978,2.65
NC,1979,2.9
NC,1980,3.1
NC,1981,3.35
NC,1982,3.35
NC,1983,3.35
NC,1984,3.35
NC,1985,3.35
NC,1986,3.35
NC,1987,3.35
NC,1988,3.35
NC,1989,3.35
NC,1990,3.8
NC,1991,4.25
NC,1992,4.25
NC,1993,4.25
NC,1994,4.25
NC,1995,4.25
NC,1996,4.75
NC,1997,5.15
NC,1998,5.15
NC,1999,5.15
NC,2000,5.15
NC,2001,5.15
NC,2002,5.15
NC,2003,5.15
NC,2004,5.15
NC,2005,5.15
NC,2006,5.15
NC,2007,6.15
NC,2008,6.55
NC,2009,7.25
NC,2010,7.25
NC,2011,7.25
NC,2012,7.25
NC,2013,7.25
NC,2014,7.25
NC,2015,7.25
NC,2016,7.25
NC,2017,7.25
NC,2018,7.25
NC,2019,7.25
NC,2020,7.25
NC,2021,7.25
NC,2022,7.25
NC,2023,7.25
NC,2024,7.25
NC,2025,7.25
NC,2026,7.25
ND,1968,1.6
ND,1969,1.6
ND,1970,1.6
ND,1971,1.6
ND,1972,1.6
ND,1973,1.6
ND,1974,2.0
ND,1975,2.1
ND,1976,2.3
ND,1977,2.3
ND,1978,2.65
ND,1979,2.9
ND,1980,3.1
ND,1981,3.35
ND,1982,3.35
ND,1983,3.35
ND,1984,3.35
ND,1985,3.35
ND,1986,3.35
ND,1987,3.35
ND,1988,3.35
ND,1989,3.35
ND,1990,3.8
ND,1991,4.25
ND,1992,4.25
ND,1993,4.25
ND,1994,4.25
ND,1995,4.25
ND,1996,4.75
ND,1997,5.15
ND,1998,5.15
ND,1999,5.15
ND,2000,5.15
ND,2001,5.15
ND,2002,5.15
ND,2003,5.15
ND,2004,5.15
ND,2005,5.15
ND,2006,5.15
ND,2007,5.85
ND,2008,6.55
ND,2009,7.25
ND,2010,7.25
ND,2011,7.25
ND,2012,7.25
ND,2013,7.25
ND,2014,7.25
ND,2015,7.25
ND,2016,7.25
ND,2017,7.25
ND,2018,7.25
ND,2019,7.25
ND,2020,7.25
ND,2021,7.25
ND,2022,7.25
ND,2023,7.25
ND,2024,7.25
ND,2025,7.25
ND,2026,7.25
NE,1968,1.6
NE,1969,1.6
NE,1970,1.6
NE,1971,1.6
NE,1972,1.6
NE,1973,1.6
NE,1974,2.0
NE,1975,2.1
NE,1976,2.3
NE,1977,2.3
NE,1978,2.65
NE,1979,2.9
NE,1980,3.1
NE,1981,3.35
NE,1982,3.35
NE,1983,3.35
NE,1984,3.35
NE,1985,3.35
NE,1986,3.35
NE,1987,3.35
NE,1988,3.35
NE,1989,3.35
NE,1990,3.8
NE,1991,4.25
NE,1992,4.25
NE,1993,4.25
NE,1994,4.25
NE,1995,4.25
NE,1996,4.75
NE,1997,5.15
NE,1998,5.15
NE,1999,5.15
NE,2000,5.15
NE,2001,5.15
NE,2002,5.15
NE,2003,5.15
NE,2004,5.15
NE,2005,5.15
NE,2006,5.15
NE,2007,5.85
NE,2008,6.55
NE,2009,7.25
NE,2010,7.25
NE,2011,7.25
NE,2012,7.25
NE,2013,7.25
NE,2014,7.25
NE,2015,8.0
NE,2016,9.0
NE,2017,9.0
NE,2018,9.0
NE,2019,9.0
NE,2020,9.0
NE,2021,9.0
NE,2022,9.0
NE,2023,10.5
NE,2024,12.0
NE,2025,13.5
NE,2026,15.0
NH,1968,1.6
NH,1969,1.6
NH,1970,1.6
NH,1971,1.6
NH,1972,1.6
NH,1973,1.6
NH,1974,2.0
NH,1975,2.1
NH,1976,2.3
NH,1977,2.3
NH,1978,2.65
NH,1979,2.9
NH,1980,3.1
NH,1981,3.35
NH,1982,3.35
NH,1983,3.35
NH,1984,3.35
NH,1985,3.35
NH,1986,3.35
NH,1987,3.35
NH,1988,3.55
NH,1989,3.55
NH,1990,3.8
NH,1991,4.25
NH,1992,4.25
NH,1993,4.25
NH,1994,4.25
NH,1995,4.25
NH,1996,4.75
NH,1997,5.15
NH,1998,5.15
NH,1999,5.15
NH,2000,5.15
NH,2001,5.15
NH,2002,5.15
NH,2003,5.15
NH,2004,5.15
NH,2005,5.15
NH,2006,5.15
NH,2007,5.85
NH,2008,6.55
NH,2009,7.25
NH,2010,7.25
NH,2011,7.25
NH,2012,7.25
NH,2013,7.25
NH,2014,7.25
NH,2015,7.25
NH,2016,7.25
NH,2017,7.25
NH,2018,7.25
NH,2019,7.25
NH,2020,7.25
NH,2021,7.25
NH,2022,7.25
NH,2023,7.25
NH,2024,7.25
NH,2025,7.25
NH,2026,7.25
NJ,1968,1.6
NJ,1969,1.6
NJ,1970,1.6
NJ,1971,1.6
NJ,1972,1.6
NJ,1973,1.6
NJ,1974,2.0
NJ,1975,2.1
NJ,1976,2.3
NJ,1977,2.3
NJ,1978,2.65
NJ,1979,2.9
NJ,1980,3.1
NJ,1981,3.35
NJ,1982,3.35
NJ,1983,3.35
NJ,1984,3.35
NJ,1985,3.35
NJ,1986,3.35
NJ,1987,3.35
NJ,1988,3.35
NJ,1989,3.35
NJ,1990,3.8
NJ,1991,4.25
NJ,1992,4.25
NJ,1993,4.25
NJ,1994,5.05
NJ,1995,5.05
NJ,1996,5.05
NJ,1997,5.15
NJ,1998,5.15
NJ,1999,5.15
NJ,2000,5.15
NJ,2001,5.15
NJ,2002,5.15
NJ,2003,5.15
NJ,2004,5.15
NJ,2005,5.15
NJ,2006,6.15
NJ,2007,7.15
NJ,2008,7.15
NJ,2009,7.25
NJ,2010,7.25
NJ,2011,7.25
NJ,2012,7.25
NJ,2013,7.25
NJ,2014,8.25
NJ,2015,8.38
NJ,2016,8.38
NJ,2017,8.44
NJ,2018,8.6
NJ,2019,10.0
NJ,2020,11.0
NJ,2021,12.0
NJ,2022,13.0
NJ,2023,14.13
NJ,2024,15.13
NJ,2025,15.49
NJ,2026,15.92
NM,1968,1.6
NM,1969,1.6
NM,1970,1.6
NM,1971,1.6
NM,1972,1.6
NM,1973,1.6
NM,1974,2.0
NM,1975,2.1
NM,1976,2.3
NM,1977,2.3
NM,1978,2.65
NM,1979,2.9
NM,1980,3.1
NM,1981,3.35
NM,1982,3.35
NM,1983,3.35
NM,1984,3.35
NM,1985,3.35
NM,1986,3.35
NM,1987,3.35
NM,1988,3.35
NM,1989,3.35
NM,1990,3.8
NM,1991,4.25
NM,1992,4.25
NM,1993,4.25
NM,1994,4.25
NM,1995,4.25
NM,1996,4.75
NM,1997,5.15
NM,1998,5.15
NM,1999,5.15
NM,2000,5.15
NM,2001,5.15
NM,2002,5.15
NM,2003,5.15
NM,2004,5.15
NM,2005,5.15
NM,2006,5.15
NM,2007,5.85
NM,2008,6.55
NM,2009,7.5
NM,2010,7.5
NM,2011,7.5
NM,2012,7.5
NM,2013,7.5
NM,2014,7.5
NM,2015,7.5
NM,2016,7.5
NM,2017,7.5
NM,2018,7.5
NM,2019,7.5
NM,2020,9.0
NM,2021,10.5
NM,2022,11.5
NM,2023,12.0
NM,2024,12.0
NM,2025,12.0
NM,2026,12.0
NV,1968,1.6
NV,1969,1.6
NV,1970,1.6
NV,1971,1.6
NV,1972,1.6
NV,1973,1.6
NV,1974,2.0
NV,1975,2.1
NV,1976,2.3
NV,1977,2.3
NV,1978,2.65
NV,1979,2.9
NV,1980,3.1
NV,1981,3.35
NV,1982,3.35
NV,1983,3.35
NV,1984,3.35
NV,1985,3.35
NV,1986,3.35
NV,1987,3.35
NV,1988,3.35
NV,1989,3.35
NV,1990,3.8
NV,1991,4.25
NV,1992,4.25
NV,1993,4.25
NV,1994,4.25
NV,1995,4.25
NV,1996,4.75
NV,1997,5.15
NV,1998,5.15
NV,1999,5.15
NV,2000,5.15
NV,2001,5.15
NV,2002,5.15
NV,2003,5.15
NV,2004,5.15
NV,2005,5.15
NV,2006,5.15
NV,2007,6.15
NV,2008,6.55
NV,2009,7.25
NV,2010,7.55
NV,2011,8.25
NV,2012,8.25
NV,2013,8.25
NV,2014,8.25
NV,2015,8.25
NV,2016,8.25
NV,2017,8.25
NV,2018,8.25
NV,2019,8.25
NV,2020,9.0
NV,2021,9.75
NV,2022,9.5
NV,2023,9.5
NV,2024,12.006
NV,2025,12.0
NV,2026,12.0
NY,1968,1.6
NY,1969,1.6
NY,1970,1.6
NY,1971,1.6
NY,1972,1.85
NY,1973,1.85
NY,1974,2.0
NY,1975,2.1
NY,1976,2.3
NY,1977,2.3
NY,1978,2.65
NY,1979,2.9
NY,1980,3.1
NY,1981,3.35
NY,1982,3.35
NY,1983,3.35
NY,1984,3.35
NY,1985,3.35
NY,1986,3.35
NY,1987,3.35
NY,1988,3.35
NY,1989,3.35
NY,1990,3.8
NY,1991,4.25
NY,1992,4.25
NY,1993,4.25
NY,1994,4.25
NY,1995,4.25
NY,1996,4.75
NY,1997,5.15
NY,1998,5.15
NY,1999,5.15
NY,2000,5.15
NY,2001,5.15
NY,2002,5.15
NY,2003,5.15
NY,2004,5.15
NY,2005,6.0
NY,2006,6.75
NY,2007,7.15
NY,2008,7.15
NY,2009,7.25
NY,2010,7.25
NY,2011,7.25
NY,2012,7.25
NY,2013,7.25
NY,2014,8.0
NY,2015,8.75
NY,2016,9.0
NY,2017,9.7
NY,2018,10.4
NY,2019,11.1
NY,2020,11.8
NY,2021,12.5
NY,2022,13.2
NY,2023,14.2
NY,2024,16.0
NY,2025,16.5
NY,2026,17.0
OH,1968,1.6
OH,1969,1.6
OH,1970,1.6
OH,1971,1.6
OH,1972,1.6
OH,1973,1.6
OH,1974,2.0
OH,1975,2.1
OH,1976,2.3
OH,1977,2.3
OH,1978,2.65
OH,1979,2.9
OH,1980,3.1
OH,1981,3.35
OH,1982,3.35
OH,1983,3.35
OH,1984,3.35
OH,1985,3.35
OH,1986,3.35
OH,1987,3.35
OH,1988,3.35
OH,1989,3.35
OH,1990,3.8
OH,1991,4.25
OH,1992,4.25
OH,1993,4.25
OH,1994,4.25
OH,1995,4.25
OH,1996,4.75
OH,1997,5.15
OH,1998,5.15
OH,1999,5.15
OH,2000,5.15
OH,2001,5.15
OH,2002,5.15
OH,2003,5.15
OH,2004,5.15
OH,2005,5.15
OH,2006,5.15
OH,2007,6.85
OH,2008,7.0
OH,2009,7.3
OH,2010,7.3
OH,2011,7.4
OH,2012,7.7
OH,2013,7.85
OH,2014,7.95
OH,2015,8.1
OH,2016,8.1
OH,2017,8.15
OH,2018,8.3
OH,2019,8.55
OH,2020,8.7
OH,2021,8.8
OH,2022,9.3
OH,2023,10.1
OH,2024,10.45
OH,2025,10.7
OH,2026,11.0
OK,1968,1.6
OK,1969,1.6
OK,1970,1.6
OK,1971,1.6
OK,1972,1.6
OK,1973,1.6
OK,1974,2.0
OK,1975,2.1
OK,1976,2.3
OK,1977,2.3
OK,1978,2.65
OK,1979,2.9
OK,1980,3.1
OK,1981,3.35
OK,1982,3.35
OK,1983,3.35
OK,1984,3.35
OK,1985,3.35
OK,1986,3.35
OK,1987,3.35
OK,1988,3.35
OK,1989,3.35
OK,1990,3.8
OK,1991,4.25
OK,1992,4.25
OK,1993,4.25
OK,1994,4.25
OK,1995,4.25
OK,1996,4.75
OK,1997,5.15
OK,1998,5.15
OK,1999,5.15
OK,2000,5.15
OK,2001,5.15
OK,2002,5.15
OK,2003,5.15
OK,2004,5.15
OK,2005,5.15
OK,2006,5.15
OK,2007,5.85
OK,2008,6.55
OK,2009,7.25
OK,2010,7.25
OK,2011,7.25
OK,2012,7.25
OK,2013,7.25
OK,2014,7.25
OK,2015,7.25
OK,2016,7.25
OK,2017,7.25
OK,2018,7.25
OK,2019,7.25
OK,2020,7.25
OK,2021,7.25
OK,2022,7.25
OK,2023,7.25
OK,2024,7.25
OK,2025,7.25
OK,2026,7.25
OR,1968,1.6
OR,1969,1.6
OR,1970,1.6
OR,1971,1.6
OR,1972,1.6
OR,1973,1.6
OR,1974,2.0
OR,1975,2.1
OR,1976,2.3
OR,1977,2.3
OR,1978,2.65
OR,1979,2.9
OR,1980,3.1
OR,1981,3.35
OR,1982,3.35
OR,1983,3.35
OR,1984,3.35
OR,1985,3.35
OR,1986,3.35
OR,1987,3.35
OR,1988,3.35
OR,1989,3.35
OR,1990,3.8
OR,1991,4.75
OR,1992,4.75
OR,1993,4.75
OR,1994,4.75
OR,1995,4.75
OR,1996,4.75
OR,1997,5.5
OR,1998,6.0
OR,1999,6.0
OR,2000,6.5
OR,2001,6.5
OR,2002,6.5
OR,2003,6.9
OR,2004,7.05
OR,2005,7.25
OR,2006,7.5
OR,2007,7.8
OR,2008,7.95
OR,2009,8.4
OR,2010,8.4
OR,2011,8.5
OR,2012,8.8
OR,2013,8.95
OR,2014,9.1
OR,2015,9.25
OR,2016,9.75
OR,2017,10.25
OR,2018,10.75
OR,2019,11.25
OR,2020,12.0
OR,2021,12.75
OR,2022,13.5
OR,2023,13.5
OR,2024,15.95
OR,2025,15.95
OR,2026,16.8
PA,1968,1.6
PA,1969,1.6
PA,1970,1.6
PA,1971,1.6
PA,1972,1.6
PA,1973,1.6
PA,1974,2.0
PA,1975,2.1
PA,1976,2.3
PA,1977,2.3
PA,1978,2.65
PA,1979,2.9
PA,1980,3.1
PA,1981,3.35
PA,1982,3.35
PA,1983,3.35
PA,1984,3.35
PA,1985,3.35
PA,1986,3.35
PA,1987,3.35
PA,1988,3.35
PA,1989,3.35
PA,1990,3.8
PA,1991,4.25
PA,1992,4.25
PA,1993,4.25
PA,1994,4.25
PA,1995,4.25
PA,1996,4.75
PA,1997,5.15
PA,1998,5.15
PA,1999,5.15
PA,2000,5.15
PA,2001,5.15
PA,2002,5.15
PA,2003,5.15
PA,2004,5.15
PA,2005,5.15
PA,2006,5.15
PA,2007,6.25
PA,2008,7.15
PA,2009,7.25
PA,2010,7.25
PA,2011,7.25
PA,2012,7.25
PA,2013,7.25
PA,2014,7.25
PA,2015,7.25
PA,2016,7.25
PA,2017,7.25
PA,2018,7.25
PA,2019,7.25
PA,2020,7.25
PA,2021,7.25
PA,2022,7.25
PA,2023,7.25
PA,2024,7.25
PA,2025,7.25
PA,2026,7.25
RI,1968,1.6
RI,1969,1.6
RI,1970,1.6
RI,1971,1.6
RI,1972,1.6
RI,1973,1.6
RI,1974,2.0
RI,1975,2.1
RI,1976,2.3
RI,1977,2.3
RI,1978,2.65
RI,1979,2.9
RI,1980,3.1
RI,1981,3.35
RI,1982,3.35
RI,1983,3.35
RI,1984,3.35
RI,1985,3.35
RI,1986,3.35
RI,1987,3.35
RI,1988,3.65
RI,1989,3.65
RI,1990,3.8
RI,1991,4.25
RI,1992,4.45
RI,1993,4.45
RI,1994,4.45
RI,1995,4.45
RI,1996,4.75
RI,1997,5.15
RI,1998,5.15
RI,1999,5.15
RI,2000,5.65
RI,2001,6.15
RI,2002,6.15
RI,2003,6.15
RI,2004,6.75
RI,2005,6.75
RI,2006,6.75
RI,2007,7.4
RI,2008,7.4
RI,2009,7.4
RI,2010,7.4
RI,2011,7.4
RI,2012,7.4
RI,2013,7.75
RI,2014,8.0
RI,2015,9.0
RI,2016,9.6
RI,2017,9.6
RI,2018,10.1
RI,2019,10.5
RI,2020,10.5
RI,2021,11.5
RI,2022,12.25
RI,2023,13.0
RI,2024,14.0
RI,2025,15.0
RI,2026,16.0
SC,1968,1.6
SC,1969,1.6
SC,1970,1.6
SC,1971,1.6
SC,1972,1.6
SC,1973,1.6
SC,1974,2.0
SC,1975,2.1
SC,1976,2.3
SC,1977,2.3
SC,1978,2.65
SC,1979,2.9
SC,1980,3.1
SC,1981,3.35
SC,1982,3.35
SC,1983,3.35
SC,1984,3.35
SC,1985,3.35
SC,1986,3.35
SC,1987,3.35
SC,1988,3.35
SC,1989,3.35
SC,1990,3.8
SC,1991,4.25
SC,1992,4.25
SC,1993,4.25
SC,1994,4.25
SC,1995,4.25
SC,1996,4.75
SC,1997,5.15
SC,1998,5.15
SC,1999,5.15
SC,2000,5.15
SC,2001,5.15
SC,2002,5.15
SC,2003,5.15
SC,2004,5.15
SC,2005,5.15
SC,2006,5.15
SC,2007,5.85
SC,2008,6.55
SC,2009,7.25
SC,2010,7.25
SC,2011,7.25
SC,2012,7.25
SC,2013,7.25
SC,2014,7.25
SC,2015,7.25
SC,2016,7.25
SC,2017,7.25
SC,2018,7.25
SC,2019,7.25
SC,2020,7.25
SC,2021,7.25
SC,2022,7.25
SC,2023,7.25
SC,2024,7.25
SC,2025,7.25
SC,2026,7.25
SD,1968,1.6
SD,1969,1.6
SD,1970,1.6
SD,1971,1.6
SD,1972,1.6
SD,1973,1.6
SD,1974,2.0
SD,1975,2.1
SD,1976,2.3
SD,1977,2.3
SD,1978,2.65
SD,1979,2.9
SD,1980,3.1
SD,1981,3.35
SD,1982,3.35
SD,1983,3.35
SD,1984,3.35
SD,1985,3.35
SD,1986,3.35
SD,1987,3.35
SD,1988,3.35
SD,1989,3.35
SD,1990,3.8
SD,1991,4.25
SD,1992,4.25
SD,1993,4.25
SD,1994,4.25
SD,1995,4.25
SD,1996,4.75
SD,1997,5.15
SD,1998,5.15
SD,1999,5.15
SD,2000,5.15
SD,2001,5.15
SD,2002,5.15
SD,2003,5.15
SD,2004,5.15
SD,2005,5.15
SD,2006,5.15
SD,2007,5.85
SD,2008,6.55
SD,2009,7.25
SD,2010,7.25
SD,2011,7.25
SD,2012,7.25
SD,2013,7.25
SD,2014,7.25
SD,2015,8.5
SD,2016,8.55
SD,2017,8.65
SD,2018,8.85
SD,2019,9.1
SD,2020,9.3
SD,2021,9.45
SD,2022,9.95
SD,2023,10.8
SD,2024,11.2
SD,2025,11.5
SD,2026,11.85
TN,1968,1.6
TN,1969,1.6
TN,1970,1.6
TN,1971,1.6
TN,1972,1.6
TN,1973,1.6
TN,1974,2.0
TN,1975,2.1
TN,1976,2.3
TN,1977,2.3
TN,1978,2.65
TN,1979,2.9
TN,1980,3.1
TN,1981,3.35
TN,1982,3.35
TN,1983,3.35
TN,1984,3.35
TN,1985,3.35
TN,1986,3.35
TN,1987,3.35
TN,1988,3.35
TN,1989,3.35
TN,1990,3.8
TN,1991,4.25
TN,1992,4.25
TN,1993,4.25
TN,1994,4.25
TN,1995,4.25
TN,1996,4.75
TN,1997,5.15
TN,1998,5.15
TN,1999,5.15
TN,2000,5.15
TN,2001,5.15
TN,2002,5.15
TN,2003,5.15
TN,2004,5.15
TN,2005,5.15
TN,2006,5.15
TN,2007,5.85
TN,2008,6.55
TN,2009,7.25
TN,2010,7.25
TN,2011,7.25
TN,2012,7.25
TN,2013,7.25
TN,2014,7.25
TN,2015,7.25
TN,2016,7.25
TN,2017,7.25
TN,2018,7.25
TN,2019,7.25
TN,2020,7.25
TN,2021,7.25
TN,2022,7.25
TN,2023,7.25
TN,2024,7.25
TN,2025,7.25
TN,2026,7.25
TX,1968,1.6
TX,1969,1.6
TX,1970,1.6
TX,1971,1.6
TX,1972,1.6
TX,1973,1.6
TX,1974,2.0
TX,1975,2.1
TX,1976,2.3
TX,1977,2.3
TX,1978,2.65
TX,1979,2.9
TX,1980,3.1
TX,1981,3.35
TX,1982,3.35
TX,1983,3.35
TX,1984,3.35
TX,1985,3.35
TX,1986,3.35
TX,1987,3.35
TX,1988,3.35
TX,1989,3.35
TX,1990,3.8
TX,1991,4.25
TX,1992,4.25
TX,1993,4.25
TX,1994,4.25
TX,1995,4.25
TX,1996,4.75
TX,1997,5.15
TX,1998,5.15
TX,1999,5.15
TX,2000,5.15
TX,2001,5.15
TX,2002,5.15
TX,2003,5.15
TX,2004,5.15
TX,2005,5.15
TX,2006,5.15
TX,2007,5.85
TX,2008,6.55
TX,2009,7.25
TX,2010,7.25
TX,2011,7.25
TX,2012,7.25
TX,2013,7.25
TX,2014,7.25
TX,2015,7.25
TX,2016,7.25
TX,2017,7.25
TX,2018,7.25
TX,2019,7.25
TX,2020,7.25
TX,2021,7.25
TX,2022,7.25
TX,2023,7.25
TX,2024,7.25
TX,2025,7.25
TX,2026,7.25
UT,1968,1.6
UT,1969,1.6
UT,1970,1.6
UT,1971,1.6
UT,1972,1.6
UT,1973,1.6
UT,1974,2.0
UT,1975,2.1
UT,1976,2.3
UT,1977,2.3
UT,1978,2.65
UT,1979,2.9
UT,1980,3.1
UT,1981,3.35
UT,1982,3.35
UT,1983,3.35
UT,1984,3.35
UT,1985,3.35
UT,1986,3.35
UT,1987,3.35
UT,1988,3.35
UT,1989,3.35
UT,1990,3.8
UT,1991,4.25
UT,1992,4.25
UT,1993,4.25
UT,1994,4.25
UT,1995,4.25
UT,1996,4.75
UT,1997,5.15
UT,1998,5.15
UT,1999,5.15
UT,2000,5.15
UT,2001,5.15
UT,2002,5.15
UT,2003,5.15
UT,2004,5.15
UT,2005,5.15
UT,2006,5.15
UT,2007,5.85
UT,2008,6.55
UT,2009,7.25
UT,2010,7.25
UT,2011,7.25
UT,2012,7.25
UT,2013,7.25
UT,2014,7.25
UT,2015,7.25
UT,2016,7.25
UT,2017,7.25
UT,2018,7.25
UT,2019,7.25
UT,2020,7.25
UT,2021,7.25
UT,2022,7.25
UT,2023,7.25
UT,2024,7.25
UT,2025,7.25
UT,2026,7.25
VA,1968,1.6
VA,1969,1.6
VA,1970,1.6
VA,1971,1.6
VA,1972,1.6
VA,1973,1.6
VA,1974,2.0
VA,1975,2.1
VA,1976,2.3
VA,1977,2.3
VA,1978,2.65
VA,1979,2.9
VA,1980,3.1
VA,1981,3.35
VA,1982,3.35
VA,1983,3.35
VA,1984,3.35
VA,1985,3.35
VA,1986,3.35
VA,1987,3.35
VA,1988,3.35
VA,1989,3.35
VA,1990,3.8
VA,1991,4.25
VA,1992,4.25
VA,1993,4.25
VA,1994,4.25
VA,1995,4.25
VA,1996,4.75
VA,1997,5.15
VA,1998,5.15
VA,1999,5.15
VA,2000,5.15
VA,2001,5.15
VA,2002,5.15
VA,2003,5.15
VA,2004,5.15
VA,2005,5.15
VA,2006,5.15
VA,2007,5.85
VA,2008,6.55
VA,2009,7.25
VA,2010,7.25
VA,2011,7.25
VA,2012,7.25
VA,2013,7.25
VA,2014,7.25
VA,2015,7.25
VA,2016,7.25
VA,2017,7.25
VA,2018,7.25
VA,2019,7.25
VA,2020,7.25
VA,2021,9.5
VA,2022,11.0
VA,2023,12.0
VA,2024,12.0
VA,2025,12.41
VA,2026,12.77
VT,1968,1.6
VT,1969,1.6
VT,1970,1.6
VT,1971,1.6
VT,1972,1.6
VT,1973,1.6
VT,1974,2.0
VT,1975,2.1
VT,1976,2.3
VT,1977,2.3
VT,1978,2.65
VT,1979,2.9
VT,1980,3.1
VT,1981,3.35
VT,1982,3.35
VT,1983,3.35
VT,1984,3.35
VT,1985,3.35
VT,1986,3.35
VT,1987,3.35
VT,1988,3.55
VT,1989,3.55
VT,1990,3.8
VT,1991,4.25
VT,1992,4.25
VT,1993,4.25
VT,1994,4.25
VT,1995,4.25
VT,1996,4.75
VT,1997,5.15
VT,1998,5.25
VT,1999,5.25
VT,2000,5.75
VT,2001,6.25
VT,2002,6.25
VT,2003,6.25
VT,2004,6.75
VT,2005,7.0
VT,2006,7.25
VT,2007,7.53
VT,2008,7.68
VT,2009,8.06
VT,2010,8.06
VT,2011,8.15
VT,2012,8.46
VT,2013,8.6
VT,2014,8.73
VT,2015,9.15
VT,2016,9.6
VT,2017,10.0
VT,2018,10.5
VT,2019,10.78
VT,2020,10.96
VT,2021,11.75
VT,2022,12.55
VT,2023,13.18
VT,2024,13.67
VT,2025,14.01
VT,2026,14.42
WA,1968,1.6
WA,1969,1.6
WA,1970,1.6
WA,1971,1.6
WA,1972,1.6
WA,1973,1.6
WA,1974,2.0
WA,1975,2.1
WA,1976,2.3
WA,1977,2.3
WA,1978,2.65
WA,1979,2.9
WA,1980,3.1
WA,1981,3.35
WA,1982,3.35
WA,1983,3.35
WA,1984,3.35
WA,1985,3.35
WA,1986,3.35
WA,1987,3.35
WA,1988,3.35
WA,1989,3.35
WA,1990,3.8
WA,1991,4.25
WA,1992,4.25
WA,1993,4.25
WA,1994,4.25
WA,1995,4.25
WA,1996,4.9
WA,1997,5.15
WA,1998,5.15
WA,1999,5.15
WA,2000,6.5
WA,2001,6.72
WA,2002,6.9
WA,2003,7.01
WA,2004,7.16
WA,2005,7.35
WA,2006,7.63
WA,2007,7.93
WA,2008,8.07
WA,2009,8.55
WA,2010,8.55
WA,2011,8.67
WA,2012,9.04
WA,2013,9.19
WA,2014,9.32
WA,2015,9.47
WA,2016,9.47
WA,2017,11.0
WA,2018,11.5
WA,2019,12.0
WA,2020,13.5
WA,2021,13.69
WA,2022,14.49
WA,2023,15.74
WA,2024,16.28
WA,2025,16.66
WA,2026,17.13
WI,1968,1.6
WI,1969,1.6
WI,1970,1.6
WI,1971,1.6
WI,1972,1.6
WI,1973,1.6
WI,1974,2.0
WI,1975,2.1
WI,1976,2.3
WI,1977,2.3
WI,1978,2.65
WI,1979,2.9
WI,1980,3.1
WI,1981,3.35
WI,1982,3.35
WI,1983,3.35
WI,1984,3.35
WI,1985,3.35
WI,1986,3.35
WI,1987,3.35
WI,1988,3.35
WI,1989,3.35
WI,1990,3.8
WI,1991,4.25
WI,1992,4.25
WI,1993,4.25
WI,1994,4.25
WI,1995,4.25
WI,1996,4.75
WI,1997,5.15
WI,1998,5.15
WI,1999,5.15
WI,2000,5.15
WI,2001,5.15
WI,2002,5.15
WI,2003,5.15
WI,2004,5.15
WI,2005,5.15
WI,2006,5.7
WI,2007,6.5
WI,2008,6.55
WI,2009,7.25
WI,2010,7.25
WI,2011,7.25
WI,2012,7.25
WI,2013,7.25
WI,2014,7.25
WI,2015,7.25
WI,2016,7.25
WI,2017,7.25
WI,2018,7.25
WI,2019,7.25
WI,2020,7.25
WI,2021,7.25
WI,2022,7.25
WI,2023,7.25
WI,2024,7.25
WI,2025,7.25
WI,2026,7.25
WV,1968,1.6
WV,1969,1.6
WV,1970,1.6
WV,1971,1.6
WV,1972,1.6
WV,1973,1.6
WV,1974,2.0
WV,1975,2.1
WV,1976,2.3
WV,1977,2.3
WV,1978,2.65
WV,1979,2.9
WV,1980,3.1
WV,1981,3.35
WV,1982,3.35
WV,1983,3.35
WV,1984,3.35
WV,1985,3.35
WV,1986,3.35
WV,1987,3.35
WV,1988,3.35
WV,1989,3.35
WV,1990,3.8
WV,1991,4.25
WV,1992,4.25
WV,1993,4.25
WV,1994,4.25
WV,1995,4.25
WV,1996,4.75
WV,1997,5.15
WV,1998,5.15
WV,1999,5.15
WV,2000,5.15
WV,2001,5.15
WV,2002,5.15
WV,2003,5.15
WV,2004,5.15
WV,2005,5.15
WV,2006,5.15
WV,2007,5.85
WV,2008,6.55
WV,2009,7.25
WV,2010,7.25
WV,2011,7.25
WV,2012,7.25
WV,2013,7.25
WV,2014,7.25
WV,2015,8.0
WV,2016,8.75
WV,2017,8.75
WV,2018,8.75
WV,2019,8.75
WV,2020,8.75
WV,2021,8.75
WV,2022,8.75
WV,2023,8.75
WV,2024,8.75
WV,2025,8.75
WV,2026,8.75
WY,1968,1.6
WY,1969,1.6
WY,1970,1.6
WY,1971,1.6
WY,1972,1.6
WY,1973,1.6
WY,1974,2.0
WY,1975,2.1
WY,1976,2.3
WY,1977,2.3
WY,1978,2.65
WY,1979,2.9
WY,1980,3.1
WY,1981,3.35
WY,1982,3.35
WY,1983,3.35
WY,1984,3.35
WY,1985,3.35
WY,1986,3.35
WY,1987,3.35
WY,1988,3.35
WY,1989,3.35
WY,1990,3.8
WY,1991,4.25
WY,1992,4.25
WY,1993,4.25
WY,1994,4.25
WY,1995,4.25
WY,1996,4.75
WY,1997,5.15
WY,1998,5.15
WY,1999,5.15
WY,2000,5.15
WY,2001,5.15
WY,2002,5.15
WY,2003,5.15
WY,2004,5.15
WY,2005,5.15
WY,2006,5.15
WY,2007,5.85
WY,2008,6.55
WY,2009,7.25
WY,2010,7.25
WY,2011,7.25
WY,2012,7.25
WY,2013,7.25
WY,2014,7.25
WY,2015,7.25
WY,2016,7.25
WY,2017,7.25
WY,2018,7.25
WY,2019,7.25
WY,2020,7.25
WY,2021,7.25
WY,2022,7.25
WY,2023,7.25
WY,2024,7.25
WY,2025,7.25
WY,2026,7.25
