state,year,pct_unemployed,effective_min_wage,median_income,pct_poverty,above_federal_floor
AK,1995,7.3,4.75,47950.0,10.1,1
AK,1996,7.5,4.75,52780.0,10.6,0
AK,1997,7.0,5.25,47990.0,11.2,1
AK,1998,6.3,5.65,50690.0,10.8,1
AK,1999,6.4,5.65,51400.0,8.8,1
AK,2000,6.3,5.65,52850.0,8.5,1
AK,2001,6.3,5.65,57360.0,8.7,1
AK,2002,7.2,5.65,52770.0,9.3,1
AK,2003,7.7,7.15,51840.0,9.8,1
AK,2004,7.4,7.15,55060.0,10.0,1
AK,2005,6.9,7.15,55890.0,10.8,1
AK,2006,6.6,7.15,56420.0,10.9,1
AK,2007,6.2,7.15,62990.0,9.8,1
AK,2008,6.5,7.15,63990.0,9.2,1
AK,2009,7.8,7.25,61600.0,9.1,0
AK,2010,8.0,7.75,57850.0,11.0,1
AK,2011,7.6,7.75,57430.0,10.8,1
AK,2012,7.1,7.75,63650.0,10.8,1
AK,2013,6.9,7.75,72470.0,10.1,1
AK,2014,6.7,7.75,67630.0,11.4,1
AK,2015,6.3,8.75,75110.0,10.4,1
AK,2016,6.6,9.75,75720.0,9.9,1
AK,2017,6.6,9.8,77990.0,11.0,1
AK,2018,6.1,9.84,68730.0,11.1,1
AK,2019,5.6,9.89,78390.0,10.2,1
AK,2020,8.3,10.19,74750.0,9.6,1
AK,2021,6.4,10.34,81130.0,10.8,1
AK,2022,4.4,10.34,89740.0,10.8,1
AK,2023,4.2,10.85,98190.0,10.5,1
AK,2024,4.5,11.73,91260.0,10.3,1
AL,1995,5.9,4.25,25990.0,17.6,0
AL,1996,5.2,4.75,30300.0,16.7,0
AL,1997,5.0,5.15,31940.0,16.2,0
AL,1998,4.5,5.15,36270.0,15.7,0
AL,1999,4.7,5.15,36250.0,15.3,0
AL,2000,4.6,5.15,35420.0,14.6,0
AL,2001,5.1,5.15,35160.0,15.7,0
AL,2002,5.9,5.15,37600.0,15.4,0
AL,2003,6.0,5.15,37260.0,15.3,0
AL,2004,5.6,5.15,36630.0,16.1,0
AL,2005,4.5,5.15,37150.0,16.9,0
AL,2006,4.0,5.15,37950.0,16.6,0
AL,2007,4.1,5.85,42210.0,16.6,0
AL,2008,5.9,6.55,44480.0,15.9,0
AL,2009,9.7,7.25,39980.0,17.5,0
AL,2010,10.4,7.25,40930.0,18.9,0
AL,2011,9.6,7.25,42590.0,19.1,0
AL,2012,8.2,7.25,43460.0,19.0,0
AL,2013,7.4,7.25,47320.0,18.9,0
AL,2014,6.8,7.25,42280.0,19.2,0
AL,2015,6.1,7.25,44510.0,18.5,0
AL,2016,5.8,7.25,47220.0,17.2,0
AL,2017,4.5,7.25,50870.0,16.9,0
AL,2018,3.9,7.25,49940.0,16.8,0
AL,2019,3.2,7.25,56200.0,15.6,0
AL,2020,6.4,7.25,54690.0,14.9,0
AL,2021,3.4,7.25,56930.0,16.3,0
AL,2022,2.5,7.25,59910.0,16.2,0
AL,2023,2.5,7.25,60660.0,15.7,0
AL,2024,3.0,7.25,65560.0,15.2,0
AR,1995,4.9,4.25,25810.0,18.2,0
AR,1996,5.2,4.75,27120.0,17.6,0
AR,1997,5.1,5.15,26160.0,17.5,0
AR,1998,5.0,5.15,27670.0,16.4,0
AR,1999,4.5,5.15,29680.0,15.1,0
AR,2000,4.2,5.15,29700.0,15.0,0
AR,2001,4.7,5.15,33340.0,15.9,0
AR,2002,5.3,5.15,32390.0,16.3,0
AR,2003,5.8,5.15,32000.0,16.0,0
AR,2004,5.6,5.15,34980.0,15.6,0
AR,2005,5.3,5.15,36660.0,17.2,0
AR,2006,5.2,5.15,37060.0,17.3,0
AR,2007,5.4,6.25,40800.0,17.6,1
AR,2008,5.4,6.55,39590.0,17.3,0
AR,2009,7.7,7.25,36540.0,18.5,0
AR,2010,7.8,7.25,38590.0,18.7,0
AR,2011,7.9,7.25,41300.0,19.3,0
AR,2012,7.3,7.25,39020.0,19.6,0
AR,2013,7.0,7.25,39380.0,19.4,0
AR,2014,5.9,7.25,44920.0,18.7,0
AR,2015,5.0,7.5,42800.0,18.7,1
AR,2016,4.0,8.0,45910.0,17.2,1
AR,2017,3.7,8.5,49750.0,16.3,1
AR,2018,3.6,8.5,49780.0,16.8,1
AR,2019,3.5,9.25,54540.0,16.0,1
AR,2020,6.2,10.0,50780.0,15.2,1
AR,2021,4.0,11.0,50780.0,16.0,1
AR,2022,3.2,11.0,53980.0,16.3,1
AR,2023,3.2,11.0,63250.0,15.4,1
AR,2024,3.5,11.0,64840.0,15.3,1
AZ,1995,5.3,4.25,30860.0,16.3,0
AZ,1996,5.5,4.75,31640.0,16.3,0
AZ,1997,4.6,5.15,32740.0,15.5,0
AZ,1998,4.2,5.15,37090.0,14.9,0
AZ,1999,4.5,5.15,37000.0,12.8,0
AZ,2000,4.0,5.15,39780.0,12.5,0
AZ,2001,4.7,5.15,42700.0,13.2,0
AZ,2002,6.2,5.15,39730.0,13.6,0
AZ,2003,5.8,5.15,41170.0,13.9,0
AZ,2004,5.0,5.15,43850.0,14.6,0
AZ,2005,4.6,5.15,45250.0,14.4,0
AZ,2006,4.3,5.15,46660.0,14.2,0
AZ,2007,3.7,6.75,47220.0,14.1,1
AZ,2008,5.8,6.9,46910.0,14.7,1
AZ,2009,9.7,7.25,45740.0,16.5,0
AZ,2010,10.4,7.25,46900.0,17.6,0
AZ,2011,9.5,7.35,48620.0,19.0,1
AZ,2012,8.4,7.65,47040.0,18.7,1
AZ,2013,7.8,7.8,52610.0,18.6,1
AZ,2014,6.8,7.9,49250.0,18.2,1
AZ,2015,6.1,8.05,52250.0,17.4,1
AZ,2016,5.5,8.05,57100.0,16.4,1
AZ,2017,5.0,10.0,59700.0,14.9,1
AZ,2018,4.8,10.5,62280.0,14.1,1
AZ,2019,4.8,11.0,70670.0,13.5,1
AZ,2020,7.8,12.0,67090.0,12.8,1
AZ,2021,5.0,12.15,70820.0,12.9,1
AZ,2022,3.7,12.8,73450.0,12.5,1
AZ,2023,3.7,13.85,82660.0,12.6,1
AZ,2024,3.7,14.35,84700.0,11.9,1
CA,1995,7.9,4.25,37010.0,16.5,0
CA,1996,7.3,4.75,38810.0,16.7,0
CA,1997,6.4,5.15,39690.0,16.0,0
CA,1998,6.0,5.15,40930.0,14.9,0
CA,1999,5.3,5.15,43630.0,13.7,0
CA,2000,4.9,5.75,46820.0,12.7,1
CA,2001,5.5,6.25,47260.0,12.9,1
CA,2002,6.7,6.75,47440.0,13.3,1
CA,2003,6.9,6.75,49300.0,13.7,1
CA,2004,6.2,6.75,49220.0,13.2,1
CA,2005,5.4,6.75,51760.0,13.3,1
CA,2006,4.9,6.75,55320.0,13.1,1
CA,2007,5.3,7.5,55730.0,12.4,1
CA,2008,7.3,8.0,57010.0,13.3,1
CA,2009,11.5,8.0,56130.0,14.2,1
CA,2010,12.3,8.0,54280.0,15.8,1
CA,2011,11.7,8.0,53370.0,16.6,1
CA,2012,10.4,8.0,57020.0,17.0,1
CA,2013,9.0,8.0,60790.0,16.8,1
CA,2014,7.6,9.0,60490.0,16.4,1
CA,2015,6.2,9.0,63640.0,15.4,1
CA,2016,5.5,10.0,66640.0,14.4,1
CA,2017,4.8,10.5,70040.0,13.3,1
CA,2018,4.3,11.0,70490.0,12.8,1
CA,2019,4.1,12.0,78100.0,11.8,1
CA,2020,10.2,12.0,77650.0,11.5,1
CA,2021,7.4,13.0,81580.0,12.3,1
CA,2022,4.3,14.0,85300.0,12.2,1
CA,2023,4.7,15.5,89870.0,12.0,1
CA,2024,5.3,16.0,100600.0,11.8,1
CO,1995,4.0,4.25,40710.0,10.4,0
CO,1996,4.2,4.75,40950.0,10.5,0
CO,1997,3.4,5.15,43230.0,10.2,0
CO,1998,3.6,5.15,46600.0,9.9,0
CO,1999,3.0,5.15,48180.0,8.9,0
CO,2000,2.7,5.15,48240.0,8.9,0
CO,2001,3.8,5.15,49400.0,8.7,0
CO,2002,5.7,5.15,48290.0,9.5,0
CO,2003,6.1,5.15,49940.0,10.0,0
CO,2004,5.6,5.15,50890.0,10.2,0
CO,2005,5.1,5.15,50450.0,10.9,0
CO,2006,4.2,5.15,55700.0,11.6,0
CO,2007,3.7,6.85,61140.0,11.5,1
CO,2008,4.8,7.02,60940.0,11.2,1
CO,2009,8.0,7.28,55930.0,12.6,1
CO,2010,9.1,7.25,60230.0,13.2,0
CO,2011,8.7,7.36,58630.0,13.4,1
CO,2012,8.0,7.64,57260.0,13.6,1
CO,2013,6.7,7.78,67910.0,12.9,1
CO,2014,5.0,8.0,60940.0,12.1,1
CO,2015,3.7,8.23,66600.0,11.5,1
CO,2016,3.1,8.31,70570.0,11.0,1
CO,2017,2.6,9.3,74980.0,10.3,1
CO,2018,3.0,10.2,73030.0,9.7,1
CO,2019,2.7,11.1,72500.0,9.4,1
CO,2020,6.8,12.0,83780.0,9.0,1
CO,2021,5.5,12.32,84950.0,9.7,1
CO,2022,3.1,12.56,89930.0,9.5,1
CO,2023,3.3,13.65,96640.0,9.4,1
CO,2024,4.1,14.42,106500.0,9.6,1
CT,1995,5.3,4.27,40240.0,8.3,1
CT,1996,5.2,4.75,42120.0,9.0,0
CT,1997,4.7,5.15,43990.0,8.9,0
CT,1998,3.2,5.18,46510.0,8.7,1
CT,1999,2.5,5.18,50590.0,7.5,1
CT,2000,2.2,6.15,50170.0,7.3,1
CT,2001,2.9,6.4,53350.0,7.1,1
CT,2002,4.4,6.7,53390.0,7.8,1
CT,2003,5.5,6.9,54970.0,8.0,1
CT,2004,5.0,7.1,55100.0,9.1,1
CT,2005,4.9,7.1,56840.0,8.3,1
CT,2006,4.4,7.4,62400.0,8.3,1
CT,2007,4.5,7.65,64140.0,7.9,1
CT,2008,5.6,7.65,64680.0,9.1,1
CT,2009,8.3,8.0,64850.0,9.3,1
CT,2010,9.5,8.25,66000.0,10.1,1
CT,2011,9.0,8.25,65420.0,10.8,1
CT,2012,8.4,8.25,64250.0,10.6,1
CT,2013,8.0,8.25,69290.0,10.7,1
CT,2014,6.6,8.7,70160.0,10.8,1
CT,2015,5.6,9.15,72890.0,10.6,1
CT,2016,4.9,9.6,75920.0,9.9,1
CT,2017,4.4,10.1,74300.0,9.7,1
CT,2018,3.9,10.1,72810.0,10.3,1
CT,2019,3.6,11.0,87290.0,9.9,1
CT,2020,8.0,12.0,79430.0,9.7,1
CT,2021,6.4,13.0,80960.0,10.1,1
CT,2022,4.0,14.0,90730.0,9.8,1
CT,2023,3.2,14.0,92240.0,10.2,1
CT,2024,3.3,15.69,99240.0,10.1,1
DE,1995,4.4,4.25,34930.0,9.7,0
DE,1996,5.2,4.75,39310.0,9.8,0
DE,1997,4.1,5.15,43030.0,10.0,0
DE,1998,3.5,5.15,41460.0,9.7,0
DE,1999,3.2,5.15,46630.0,9.4,0
DE,2000,3.5,5.65,50370.0,8.7,1
DE,2001,3.5,6.15,49600.0,8.4,1
DE,2002,4.1,6.15,49650.0,9.3,1
DE,2003,4.2,6.15,49020.0,9.0,1
DE,2004,4.0,6.15,48050.0,9.6,1
DE,2005,4.1,6.15,51240.0,10.3,1
DE,2006,3.6,6.15,52440.0,10.7,1
DE,2007,3.4,6.65,54590.0,10.3,1
DE,2008,4.9,7.15,50700.0,10.3,1
DE,2009,8.2,7.25,52110.0,11.2,0
DE,2010,8.3,7.25,55210.0,11.9,0
DE,2011,7.4,7.25,54660.0,12.6,0
DE,2012,7.0,7.25,48970.0,12.7,0
DE,2013,6.5,7.25,54090.0,12.9,0
DE,2014,5.6,7.75,57520.0,13.0,1
DE,2015,4.8,8.25,57760.0,12.6,1
DE,2016,4.5,8.25,58050.0,11.8,1
DE,2017,4.4,8.25,64960.0,13.0,1
DE,2018,3.7,8.25,65010.0,12.2,1
DE,2019,3.6,9.25,74190.0,11.2,1
DE,2020,7.5,9.25,70020.0,10.9,1
DE,2021,5.5,9.25,68690.0,11.5,1
DE,2022,4.2,10.5,80750.0,10.0,1
DE,2023,3.9,11.75,86340.0,10.8,1
DE,2024,3.9,13.25,85860.0,10.1,1
FL,1995,5.6,4.25,29750.0,15.2,0
FL,1996,5.3,4.75,30640.0,14.2,0
FL,1997,4.9,5.15,32460.0,14.4,0
FL,1998,4.4,5.15,34910.0,13.6,0
FL,1999,3.9,5.15,35830.0,12.4,0
FL,2000,3.7,5.15,38860.0,11.7,0
FL,2001,4.7,5.15,36420.0,12.6,0
FL,2002,5.6,5.15,38020.0,12.8,0
FL,2003,5.3,5.15,38970.0,13.0,0
FL,2004,4.6,5.15,40540.0,11.9,0
FL,2005,3.7,5.15,42990.0,12.8,0
FL,2006,3.3,6.4,45680.0,12.6,1
FL,2007,4.0,6.67,45790.0,12.1,1
FL,2008,6.3,6.79,44860.0,13.3,1
FL,2009,10.2,7.25,45630.0,15.0,0
FL,2010,11.2,7.25,44070.0,16.5,0
FL,2011,10.2,7.25,45110.0,17.0,0
FL,2012,8.7,7.67,46070.0,17.2,1
FL,2013,7.5,7.79,48530.0,17.1,1
FL,2014,6.4,7.93,46140.0,16.6,1
FL,2015,5.5,8.05,48830.0,15.8,1
FL,2016,4.9,8.05,51180.0,14.8,1
FL,2017,4.3,8.1,53090.0,14.1,1
FL,2018,3.6,8.25,54640.0,13.7,1
FL,2019,3.2,8.46,58370.0,12.7,1
FL,2020,8.1,8.56,57760.0,12.4,1
FL,2021,4.7,10.0,59730.0,13.2,1
FL,2022,3.0,10.0,65370.0,12.7,1
FL,2023,2.9,11.0,72200.0,12.4,1
FL,2024,3.4,12.0,75630.0,12.1,1
GA,1995,4.8,4.25,34100.0,15.6,0
GA,1996,4.6,4.75,32500.0,15.3,0
GA,1997,4.5,5.15,36660.0,14.7,0
GA,1998,4.2,5.15,38670.0,14.1,0
GA,1999,3.8,5.15,39430.0,12.7,0
GA,2000,3.5,5.15,41900.0,12.3,0
GA,2001,4.0,5.15,42580.0,12.7,0
GA,2002,5.0,5.15,42940.0,13.0,0
GA,2003,4.8,5.15,42440.0,13.4,0
GA,2004,4.8,5.15,40980.0,13.7,0
GA,2005,5.3,5.15,45930.0,14.5,0
GA,2006,4.7,5.15,49340.0,14.8,0
GA,2007,4.6,5.85,48640.0,14.3,0
GA,2008,6.4,6.55,46230.0,14.7,0
GA,2009,9.9,7.25,43340.0,16.6,0
GA,2010,10.4,7.25,44120.0,18.0,0
GA,2011,10.0,7.25,45970.0,19.2,0
GA,2012,9.0,7.25,48120.0,19.2,0
GA,2013,8.1,7.25,46990.0,19.0,0
GA,2014,7.2,7.25,49560.0,18.4,0
GA,2015,6.0,7.25,50770.0,17.2,0
GA,2016,5.4,7.25,53530.0,16.1,0
GA,2017,4.8,7.25,57990.0,15.1,0
GA,2018,4.0,7.25,55820.0,14.5,0
GA,2019,3.6,7.25,56630.0,13.5,0
GA,2020,6.6,7.25,59270.0,14.0,0
GA,2021,3.9,7.25,61500.0,14.2,0
GA,2022,3.1,7.25,67730.0,12.9,0
GA,2023,3.2,7.25,72420.0,13.7,0
GA,2024,3.4,7.25,81210.0,12.8,0
HI,1995,5.5,5.25,42850.0,9.9,1
HI,1996,5.9,5.25,41770.0,11.7,1
HI,1997,5.9,5.25,40930.0,11.1,1
HI,1998,5.8,5.25,40830.0,10.5,1
HI,1999,5.2,5.25,44500.0,10.5,1
HI,2000,4.2,5.25,51550.0,9.9,1
HI,2001,4.3,5.25,47440.0,10.4,1
HI,2002,4.0,5.75,47300.0,11.0,1
HI,2003,3.9,6.25,51830.0,10.8,1
HI,2004,3.3,6.25,56240.0,9.0,1
HI,2005,2.8,6.25,59590.0,9.9,1
HI,2006,2.6,6.75,60470.0,9.4,1
HI,2007,2.7,7.25,64020.0,8.5,1
HI,2008,4.1,7.25,61520.0,9.3,1
HI,2009,6.5,7.25,55650.0,10.4,0
HI,2010,6.7,7.25,59540.0,11.1,0
HI,2011,6.7,7.25,59050.0,12.1,0
HI,2012,5.8,7.25,56260.0,11.8,0
HI,2013,4.7,7.25,64240.0,11.2,0
HI,2014,4.2,7.25,71220.0,11.5,0
HI,2015,3.4,7.75,64510.0,10.7,1
HI,2016,2.9,8.5,72130.0,9.5,1
HI,2017,2.2,9.25,73600.0,9.5,1
HI,2018,2.4,10.1,80110.0,9.0,1
HI,2019,2.5,10.1,88010.0,9.0,1
HI,2020,11.7,10.1,80830.0,8.9,1
HI,2021,6.0,10.1,82200.0,10.9,1
HI,2022,3.2,12.0,91010.0,10.0,1
HI,2023,2.9,12.0,97360.0,10.2,1
HI,2024,2.8,14.0,98240.0,10.0,1
IA,1995,3.5,4.65,35520.0,9.8,1
IA,1996,3.6,4.75,33210.0,9.5,0
IA,1997,3.1,5.15,33780.0,9.9,0
IA,1998,2.8,5.15,37020.0,9.5,0
IA,1999,2.7,5.15,41100.0,8.5,0
IA,2000,2.7,5.15,40990.0,8.3,0
IA,2001,3.3,5.15,40980.0,8.2,0
IA,2002,4.0,5.15,41050.0,9.1,0
IA,2003,4.5,5.15,41380.0,9.1,0
IA,2004,4.5,5.15,43390.0,10.5,0
IA,2005,4.3,5.15,46500.0,10.8,0
IA,2006,3.7,5.15,48130.0,11.0,0
IA,2007,3.7,5.85,48910.0,11.0,0
IA,2008,4.2,7.25,50140.0,11.4,1
IA,2009,6.5,7.25,50720.0,11.8,0
IA,2010,6.1,7.25,49020.0,12.5,0
IA,2011,5.6,7.25,50220.0,12.7,0
IA,2012,5.0,7.25,53440.0,12.7,0
IA,2013,4.7,7.25,60160.0,12.6,0
IA,2014,4.3,7.25,57810.0,12.3,0
IA,2015,3.7,7.25,60860.0,12.1,0
IA,2016,3.6,7.25,59090.0,11.7,0
IA,2017,3.1,7.25,63470.0,10.8,0
IA,2018,2.6,7.25,68720.0,11.2,0
IA,2019,2.7,7.25,66050.0,11.0,0
IA,2020,5.2,7.25,68820.0,10.2,0
IA,2021,3.9,7.25,72430.0,11.0,0
IA,2022,2.8,7.25,76320.0,11.0,0
IA,2023,3.0,7.25,80860.0,11.1,0
IA,2024,3.1,7.25,85480.0,11.2,0
ID,1995,5.5,4.25,32680.0,12.6,0
ID,1996,5.4,4.75,34710.0,11.9,0
ID,1997,5.2,5.15,33400.0,13.0,0
ID,1998,5.2,5.15,36680.0,12.6,0
ID,1999,5.0,5.15,35800.0,12.1,0
ID,2000,4.6,5.15,37610.0,11.2,0
ID,2001,5.1,5.15,38240.0,11.5,0
ID,2002,5.6,5.15,37720.0,11.7,0
ID,2003,5.6,5.15,42370.0,11.7,0
ID,2004,4.9,5.15,44360.0,11.5,0
ID,2005,4.0,5.15,44180.0,13.4,0
ID,2006,3.4,5.15,46210.0,12.8,0
ID,2007,2.9,5.85,49180.0,12.1,0
ID,2008,5.0,6.55,47420.0,12.5,0
ID,2009,9.0,7.25,46780.0,14.4,0
ID,2010,9.1,7.25,47050.0,15.8,0
ID,2011,8.4,7.25,47460.0,16.5,0
ID,2012,7.5,7.25,47920.0,16.0,0
ID,2013,6.9,7.25,48470.0,15.6,0
ID,2014,4.4,7.25,53440.0,14.8,0
ID,2015,3.9,7.25,51620.0,14.7,0
ID,2016,3.7,7.25,56560.0,13.8,0
ID,2017,3.2,7.25,59500.0,12.6,0
ID,2018,2.9,7.25,58730.0,11.7,0
ID,2019,2.9,7.25,65990.0,11.0,0
ID,2020,5.6,7.25,66730.0,10.1,0
ID,2021,3.6,7.25,76920.0,10.8,0
ID,2022,2.9,7.25,72580.0,10.5,0
ID,2023,3.2,7.25,73910.0,10.1,0
ID,2024,3.6,7.25,81650.0,10.4,0
IL,1995,5.2,4.25,38070.0,11.3,0
IL,1996,5.3,4.75,39550.0,12.0,0
IL,1997,4.8,5.15,41280.0,11.3,0
IL,1998,4.5,5.15,43180.0,10.6,0
IL,1999,4.4,5.15,46330.0,10.1,0
IL,2000,4.5,5.15,46060.0,10.0,0
IL,2001,5.4,5.15,46170.0,10.1,0
IL,2002,6.6,5.15,42710.0,11.3,0
IL,2003,6.8,5.15,45150.0,11.4,0
IL,2004,6.2,5.5,46080.0,11.9,1
IL,2005,5.7,6.5,48400.0,12.0,1
IL,2006,4.6,6.5,48670.0,12.3,1
IL,2007,5.1,6.5,52510.0,11.9,1
IL,2008,6.5,7.5,53250.0,12.2,1
IL,2009,10.0,7.75,52870.0,13.3,1
IL,2010,10.4,8.0,50730.0,13.8,1
IL,2011,9.8,8.25,50640.0,14.9,1
IL,2012,9.0,8.25,51740.0,14.7,1
IL,2013,9.1,8.25,53940.0,14.6,1
IL,2014,7.2,8.25,54920.0,14.3,1
IL,2015,6.0,8.25,60410.0,13.6,1
IL,2016,5.9,8.25,61390.0,13.0,1
IL,2017,5.0,8.25,65970.0,12.5,1
IL,2018,4.4,8.25,70150.0,12.1,1
IL,2019,4.0,8.25,74400.0,11.4,1
IL,2020,9.3,10.0,74330.0,11.0,1
IL,2021,6.1,11.0,79250.0,12.1,1
IL,2022,4.6,12.0,78020.0,11.9,1
IL,2023,4.5,13.0,87820.0,11.6,1
IL,2024,5.0,14.0,84210.0,11.5,1
IN,1995,4.4,4.25,33390.0,9.8,0
IN,1996,3.9,4.75,35150.0,9.3,0
IN,1997,3.4,5.15,38890.0,9.9,0
IN,1998,3.0,5.15,39730.0,10.0,0
IN,1999,2.9,5.15,40840.0,8.7,0
IN,2000,3.0,5.15,40870.0,8.8,0
IN,2001,4.2,5.15,40380.0,9.0,0
IN,2002,5.1,5.15,41050.0,9.6,0
IN,2003,5.2,5.15,42430.0,10.0,0
IN,2004,5.4,5.15,42330.0,11.1,0
IN,2005,5.4,5.15,42440.0,12.2,0
IN,2006,5.0,5.15,45410.0,12.5,0
IN,2007,4.6,5.85,47450.0,12.3,0
IN,2008,5.9,6.55,46520.0,12.9,0
IN,2009,10.2,7.25,44310.0,14.4,0
IN,2010,10.0,7.25,46140.0,15.3,0
IN,2011,8.9,7.25,44450.0,15.8,0
IN,2012,8.2,7.25,46160.0,15.5,0
IN,2013,7.5,7.25,49460.0,15.8,0
IN,2014,6.0,7.25,48060.0,15.2,0
IN,2015,4.8,7.25,51980.0,14.4,0
IN,2016,4.4,7.25,56090.0,14.0,0
IN,2017,3.5,7.25,58770.0,13.3,0
IN,2018,3.4,7.25,59890.0,13.0,0
IN,2019,3.3,7.25,66690.0,11.9,0
IN,2020,7.4,7.25,66810.0,11.6,0
IN,2021,3.9,7.25,70190.0,12.1,0
IN,2022,3.1,7.25,70030.0,12.5,0
IN,2023,3.4,7.25,76910.0,12.2,0
IN,2024,4.0,7.25,76710.0,12.1,0
KS,1995,4.3,4.25,30340.0,11.0,0
KS,1996,4.2,4.75,32590.0,10.8,0
KS,1997,3.8,5.15,36470.0,10.9,0
KS,1998,3.7,5.15,36710.0,10.5,0
KS,1999,3.5,5.15,37350.0,10.2,0
KS,2000,3.7,5.15,41060.0,8.9,0
KS,2001,4.3,5.15,41420.0,9.5,0
KS,2002,5.1,5.15,42620.0,10.0,0
KS,2003,5.6,5.15,44230.0,10.4,0
KS,2004,5.5,5.15,41070.0,11.1,0
KS,2005,5.1,5.15,42030.0,11.7,0
KS,2006,4.4,5.15,45550.0,12.2,0
KS,2007,4.3,5.85,48500.0,11.2,0
KS,2008,4.6,6.55,47880.0,11.3,0
KS,2009,7.0,7.25,44720.0,13.2,0
KS,2010,6.9,7.25,46050.0,13.5,0
KS,2011,6.4,7.25,46150.0,13.8,0
KS,2012,5.7,7.25,50000.0,14.0,0
KS,2013,5.3,7.25,47820.0,13.9,0
KS,2014,4.5,7.25,53440.0,13.5,0
KS,2015,4.2,7.25,54870.0,12.9,0
KS,2016,4.0,7.25,56810.0,12.2,0
KS,2017,3.6,7.25,56900.0,11.9,0
KS,2018,3.3,7.25,63940.0,11.9,0
KS,2019,3.2,7.25,73150.0,11.3,0
KS,2020,5.8,7.25,73080.0,10.6,0
KS,2021,3.4,7.25,75980.0,11.6,0
KS,2022,2.8,7.25,73040.0,11.9,0
KS,2023,2.9,7.25,84830.0,11.2,0
KS,2024,3.5,7.25,87690.0,10.9,0
KY,1995,5.4,4.25,29810.0,17.9,0
KY,1996,5.4,4.75,32410.0,17.5,0
KY,1997,5.2,5.15,33450.0,16.0,0
KY,1998,4.5,5.15,36250.0,15.3,0
KY,1999,4.5,5.15,33740.0,14.3,0
KY,2000,4.1,5.15,36270.0,13.9,0
KY,2001,5.2,5.15,38440.0,14.7,0
KY,2002,5.8,5.15,36760.0,14.8,0
KY,2003,6.2,5.15,36940.0,15.0,0
KY,2004,5.5,5.15,35610.0,16.3,0
KY,2005,5.8,5.15,36700.0,16.9,0
KY,2006,5.7,5.15,39490.0,17.0,0
KY,2007,5.4,5.85,39450.0,17.2,0
KY,2008,6.5,6.55,41150.0,17.3,0
KY,2009,10.6,7.25,42660.0,18.4,0
KY,2010,10.3,7.25,41100.0,18.9,0
KY,2011,9.4,7.25,39860.0,19.1,0
KY,2012,8.2,7.25,41090.0,19.3,0
KY,2013,7.9,7.25,44880.0,18.8,0
KY,2014,6.4,7.25,42790.0,19.0,0
KY,2015,5.2,7.25,42390.0,18.3,0
KY,2016,5.1,7.25,45370.0,18.2,0
KY,2017,4.8,7.25,49670.0,17.1,0
KY,2018,4.2,7.25,54560.0,16.7,0
KY,2019,4.1,7.25,55660.0,16.0,0
KY,2020,6.4,7.25,56760.0,14.9,0
KY,2021,4.5,7.25,55630.0,16.3,0
KY,2022,4.0,7.25,55870.0,16.3,0
KY,2023,4.2,7.25,61980.0,16.1,0
KY,2024,4.8,7.25,64790.0,15.4,0
LA,1995,6.8,4.25,27950.0,21.2,0
LA,1996,6.4,4.75,30260.0,20.7,0
LA,1997,5.9,5.15,33260.0,18.4,0
LA,1998,5.5,5.15,31740.0,18.2,0
LA,1999,5.0,5.15,32650.0,18.3,0
LA,2000,5.1,5.15,30720.0,17.3,0
LA,2001,5.6,5.15,33320.0,18.3,0
LA,2002,6.0,5.15,34010.0,18.1,0
LA,2003,6.2,5.15,33510.0,18.1,0
LA,2004,5.7,5.15,36430.0,19.2,0
LA,2005,7.0,5.15,37240.0,20.2,0
LA,2006,4.1,5.15,36490.0,19.4,0
LA,2007,4.1,5.85,41310.0,18.8,0
LA,2008,4.7,6.55,39560.0,17.6,0
LA,2009,6.7,7.25,45430.0,17.6,0
LA,2010,7.4,7.25,39300.0,18.8,0
LA,2011,7.3,7.25,40660.0,20.5,0
LA,2012,6.7,7.25,39090.0,20.1,0
LA,2013,6.4,7.25,46430.0,20.0,0
LA,2014,6.2,7.25,42410.0,19.9,0
LA,2015,6.3,7.25,45920.0,19.5,0
LA,2016,6.0,7.25,42200.0,20.1,0
LA,2017,5.1,7.25,43570.0,19.6,0
LA,2018,4.8,7.25,49970.0,18.7,0
LA,2019,4.6,7.25,51710.0,18.8,0
LA,2020,8.7,7.25,51190.0,17.8,0
LA,2021,5.6,7.25,57210.0,19.5,0
LA,2022,3.6,7.25,58320.0,18.6,0
LA,2023,3.7,7.25,57650.0,18.9,0
LA,2024,4.3,7.25,60740.0,18.6,0
MA,1995,5.5,4.25,38570.0,9.7,0
MA,1996,4.6,4.75,39490.0,9.8,0
MA,1997,4.1,5.25,42020.0,10.7,1
MA,1998,3.4,5.25,42350.0,9.0,1
MA,1999,3.3,5.25,44010.0,9.7,1
MA,2000,2.8,6.0,46750.0,8.4,1
MA,2001,3.8,6.75,52250.0,8.2,1
MA,2002,5.2,6.75,49860.0,9.0,1
MA,2003,5.7,6.75,50960.0,9.5,1
MA,2004,5.1,6.75,52020.0,9.9,1
MA,2005,4.8,6.75,56020.0,10.3,1
MA,2006,4.7,6.75,55330.0,10.0,1
MA,2007,4.5,7.5,58460.0,10.0,1
MA,2008,5.3,8.0,60320.0,10.1,1
MA,2009,8.2,8.0,59370.0,10.3,1
MA,2010,8.1,8.0,60930.0,11.4,1
MA,2011,7.2,8.0,63310.0,11.6,1
MA,2012,6.7,8.0,63660.0,11.9,1
MA,2013,6.7,8.0,62530.0,11.9,1
MA,2014,5.8,8.0,63150.0,11.7,1
MA,2015,4.8,9.0,67860.0,11.5,1
MA,2016,4.0,10.0,72270.0,10.5,1
MA,2017,3.8,11.0,76240.0,10.5,1
MA,2018,3.5,11.0,86350.0,10.0,1
MA,2019,3.1,12.0,87710.0,9.5,1
MA,2020,9.3,12.75,87810.0,9.4,1
MA,2021,5.3,13.5,86570.0,10.4,1
MA,2022,3.6,14.25,93550.0,10.4,1
MA,2023,3.5,15.0,106500.0,10.5,1
MA,2024,4.0,15.0,113900.0,9.8,1
MD,1995,5.0,4.25,41040.0,9.2,0
MD,1996,4.9,4.75,43990.0,9.7,0
MD,1997,4.9,5.15,46690.0,9.5,0
MD,1998,4.2,5.15,50020.0,8.8,0
MD,1999,3.4,5.15,52210.0,8.0,0
MD,2000,3.6,5.15,54540.0,7.9,0
MD,2001,4.1,5.15,53530.0,7.7,0
MD,2002,4.5,5.15,56410.0,8.3,0
MD,2003,4.5,5.15,52310.0,8.8,0
MD,2004,4.3,5.15,57100.0,9.2,0
MD,2005,4.2,5.15,60510.0,8.3,0
MD,2006,3.8,5.15,63670.0,8.0,0
MD,2007,3.4,6.15,65630.0,8.3,1
MD,2008,4.3,6.55,63710.0,8.2,0
MD,2009,7.1,7.25,64190.0,9.2,0
MD,2010,7.8,7.25,64200.0,9.9,0
MD,2011,7.3,7.25,68880.0,10.2,0
MD,2012,6.9,7.25,71840.0,10.4,0
MD,2013,6.6,7.25,69350.0,10.2,0
MD,2014,5.7,7.25,76170.0,10.4,0
MD,2015,5.0,8.25,73590.0,9.9,1
MD,2016,4.2,8.75,73760.0,9.7,1
MD,2017,4.1,9.25,82090.0,9.4,1
MD,2018,3.8,10.1,86220.0,9.1,1
MD,2019,3.4,10.1,95570.0,9.1,1
MD,2020,6.5,11.0,94790.0,9.0,1
MD,2021,5.2,11.75,97330.0,10.3,1
MD,2022,3.0,12.5,108200.0,9.8,1
MD,2023,2.2,13.25,102000.0,9.7,1
MD,2024,3.2,15.0,109700.0,9.2,1
ME,1995,5.9,4.25,33860.0,12.3,0
ME,1996,5.3,4.75,34700.0,12.0,0
ME,1997,5.2,5.15,32770.0,10.7,0
ME,1998,4.5,5.15,35640.0,10.3,0
ME,1999,4.0,5.15,38860.0,10.6,0
ME,2000,3.3,5.15,37270.0,9.9,0
ME,2001,3.8,5.15,36610.0,10.2,0
ME,2002,4.4,5.75,36850.0,11.0,1
ME,2003,5.1,6.25,37110.0,10.7,1
ME,2004,4.7,6.25,41330.0,11.5,1
ME,2005,4.9,6.35,43920.0,12.3,1
ME,2006,4.7,6.5,45640.0,12.7,1
ME,2007,4.7,6.75,47890.0,12.2,1
ME,2008,5.4,7.0,47230.0,12.6,1
ME,2009,8.3,7.25,47500.0,12.6,0
ME,2010,8.4,7.5,47930.0,13.1,1
ME,2011,7.8,7.5,49690.0,14.2,1
ME,2012,7.2,7.5,49160.0,14.4,1
ME,2013,6.7,7.5,54960.0,14.0,1
ME,2014,5.6,7.5,51710.0,14.0,1
ME,2015,4.4,7.5,50760.0,13.2,1
ME,2016,3.8,7.5,50860.0,12.3,1
ME,2017,3.4,9.0,53320.0,11.3,1
ME,2018,3.2,10.0,58660.0,11.6,1
ME,2019,2.9,11.0,66550.0,10.9,1
ME,2020,5.1,12.0,63690.0,10.6,1
ME,2021,4.6,12.15,71140.0,11.2,1
ME,2022,2.8,12.75,75160.0,10.9,1
ME,2023,2.6,13.8,75740.0,10.5,1
ME,2024,3.0,14.15,90730.0,10.6,1
MI,1995,5.3,4.25,36430.0,12.6,0
MI,1996,4.9,4.75,39230.0,12.2,0
MI,1997,4.3,5.15,38740.0,11.5,0
MI,1998,4.0,5.15,41820.0,11.4,0
MI,1999,3.7,5.15,46090.0,9.9,0
MI,2000,3.7,5.15,45510.0,9.7,0
MI,2001,5.1,5.15,45050.0,9.8,0
MI,2002,6.2,5.15,42720.0,10.9,0
MI,2003,7.1,5.15,45020.0,11.0,0
MI,2004,6.9,5.15,42260.0,12.5,0
MI,2005,6.8,5.15,45930.0,13.1,0
MI,2006,6.9,5.15,48650.0,13.5,0
MI,2007,7.1,6.95,49370.0,13.9,1
MI,2008,8.2,7.15,49790.0,14.4,1
MI,2009,13.5,7.4,45990.0,16.1,1
MI,2010,12.7,7.4,46280.0,16.7,1
MI,2011,10.1,7.4,48880.0,17.5,1
MI,2012,9.1,7.4,50020.0,17.4,1
MI,2013,8.7,7.4,56570.0,17.0,1
MI,2014,7.2,8.15,52010.0,16.2,1
MI,2015,5.4,8.15,54200.0,15.7,1
MI,2016,5.0,8.5,57090.0,14.9,1
MI,2017,4.6,8.9,56410.0,14.1,1
MI,2018,4.2,9.25,60450.0,14.0,1
MI,2019,4.1,9.45,64120.0,12.9,1
MI,2020,10.1,9.65,64390.0,12.6,1
MI,2021,5.7,9.65,64490.0,13.0,1
MI,2022,4.1,9.87,68990.0,13.3,1
MI,2023,3.9,10.1,76960.0,13.5,1
MI,2024,4.7,10.33,79460.0,13.4,1
MN,1995,3.7,4.25,37930.0,8.7,0
MN,1996,3.8,4.75,40990.0,8.8,0
MN,1997,3.2,5.15,42560.0,8.9,0
MN,1998,2.7,5.15,47930.0,8.9,0
MN,1999,2.8,5.15,47040.0,7.5,0
MN,2000,3.1,5.15,54250.0,6.9,0
MN,2001,3.8,5.15,52680.0,7.2,0
MN,2002,4.4,5.15,54620.0,7.5,0
MN,2003,4.8,5.15,52820.0,8.0,0
MN,2004,4.6,5.15,56100.0,8.1,0
MN,2005,4.1,5.15,54220.0,9.2,0
MN,2006,4.1,6.15,56210.0,9.7,1
MN,2007,4.6,6.16,58060.0,9.5,1
MN,2008,5.4,6.55,54930.0,9.6,0
MN,2009,7.7,7.25,56090.0,10.9,0
MN,2010,7.4,7.25,52320.0,11.5,0
MN,2011,6.6,7.25,57820.0,11.8,0
MN,2012,5.7,7.25,61800.0,11.4,0
MN,2013,5.0,7.25,64320.0,11.2,0
MN,2014,4.2,8.0,67240.0,11.4,1
MN,2015,3.8,9.0,68730.0,10.2,1
MN,2016,3.9,9.5,70220.0,9.9,1
MN,2017,3.4,9.5,69980.0,9.5,1
MN,2018,3.0,9.65,71820.0,9.6,1
MN,2019,3.3,9.86,81430.0,8.9,1
MN,2020,6.3,10.0,78750.0,8.3,1
MN,2021,3.7,10.08,80440.0,9.3,1
MN,2022,2.4,10.33,90390.0,9.6,1
MN,2023,2.8,10.59,90340.0,9.2,1
MN,2024,3.1,10.85,92350.0,9.3,1
MO,1995,4.8,4.25,34830.0,13.4,0
MO,1996,4.7,4.75,34270.0,12.6,0
MO,1997,4.4,5.15,36550.0,12.2,0
MO,1998,4.1,5.15,40200.0,11.7,0
MO,1999,3.2,5.15,41380.0,11.4,0
MO,2000,3.4,5.15,45100.0,10.6,0
MO,2001,4.5,5.15,41340.0,11.0,0
MO,2002,5.3,5.15,42780.0,11.3,0
MO,2003,5.7,5.15,43760.0,11.6,0
MO,2004,5.8,5.15,42140.0,13.0,0
MO,2005,5.4,5.15,42990.0,13.6,0
MO,2006,4.9,5.15,44580.0,13.8,0
MO,2007,5.1,6.5,46010.0,13.3,1
MO,2008,6.2,6.65,46040.0,13.5,1
MO,2009,9.1,7.25,48770.0,14.6,0
MO,2010,9.4,7.25,45820.0,15.3,0
MO,2011,8.6,7.25,45770.0,15.8,0
MO,2012,7.1,7.25,49760.0,16.2,0
MO,2013,6.8,7.35,46300.0,15.8,1
MO,2014,6.2,7.5,56630.0,15.5,1
MO,2015,5.1,7.65,59200.0,14.8,1
MO,2016,4.6,7.65,55020.0,14.0,1
MO,2017,3.8,7.7,56530.0,13.4,1
MO,2018,3.2,7.85,61730.0,13.2,1
MO,2019,3.2,8.6,60600.0,12.9,1
MO,2020,6.2,9.45,62180.0,12.1,1
MO,2021,4.1,10.3,63590.0,12.8,1
MO,2022,2.6,11.15,71520.0,13.1,1
MO,2023,3.1,12.0,78290.0,12.0,1
MO,2024,3.7,12.3,78390.0,12.2,1
MS,1995,6.2,4.25,26540.0,21.4,0
MS,1996,6.0,4.75,26680.0,20.8,0
MS,1997,5.7,5.15,28500.0,18.1,0
MS,1998,5.2,5.15,29120.0,17.6,0
MS,1999,5.1,5.15,32480.0,18.2,0
MS,2000,5.3,5.15,34300.0,17.6,0
MS,2001,5.4,5.15,30160.0,19.0,0
MS,2002,6.4,5.15,30880.0,18.9,0
MS,2003,6.1,5.15,32730.0,18.3,0
MS,2004,6.2,5.15,34760.0,19.3,0
MS,2005,7.6,5.15,32880.0,21.0,0
MS,2006,6.4,5.15,34730.0,20.9,0
MS,2007,6.1,5.85,37280.0,20.7,0
MS,2008,6.7,6.55,36450.0,20.8,0
MS,2009,9.2,7.25,35080.0,21.8,0
MS,2010,10.1,7.25,38160.0,22.4,0
MS,2011,9.8,7.25,41090.0,22.8,0
MS,2012,8.8,7.25,36640.0,23.8,0
MS,2013,8.5,7.25,32340.0,23.9,0
MS,2014,7.6,7.25,35520.0,21.9,0
MS,2015,6.4,7.25,40040.0,22.1,0
MS,2016,6.0,7.25,41100.0,21.0,0
MS,2017,5.2,7.25,43280.0,19.9,0
MS,2018,4.9,7.25,42780.0,19.8,0
MS,2019,5.5,7.25,44790.0,19.5,0
MS,2020,8.0,7.25,45130.0,18.7,0
MS,2021,5.4,7.25,46640.0,19.2,0
MS,2022,3.7,7.25,48610.0,19.2,0
MS,2023,3.1,7.25,55060.0,18.3,0
MS,2024,3.2,7.25,55980.0,17.8,0
MT,1995,5.7,4.25,27760.0,15.8,0
MT,1996,5.5,4.75,28680.0,15.1,0
MT,1997,5.5,5.15,29210.0,15.5,0
MT,1998,5.6,5.15,31580.0,15.7,0
MT,1999,5.3,5.15,31040.0,14.3,0
MT,2000,4.8,5.15,32780.0,13.3,0
MT,2001,4.6,5.15,32130.0,14.0,0
MT,2002,4.6,5.15,34840.0,14.0,0
MT,2003,4.7,5.15,34110.0,14.2,0
MT,2004,4.5,5.15,33960.0,13.6,0
MT,2005,4.1,5.15,37310.0,14.6,0
MT,2006,3.4,5.15,41110.0,14.4,0
MT,2007,3.4,6.15,43660.0,14.1,1
MT,2008,4.7,6.55,42900.0,14.1,0
MT,2009,7.1,7.25,40440.0,15.0,0
MT,2010,7.2,7.25,41280.0,15.2,0
MT,2011,6.6,7.35,40280.0,15.2,1
MT,2012,5.8,7.65,45090.0,15.6,1
MT,2013,5.3,7.8,43200.0,16.1,1
MT,2014,4.6,7.9,51100.0,15.2,1
MT,2015,4.2,8.05,51400.0,14.4,1
MT,2016,4.3,8.05,57080.0,13.4,1
MT,2017,4.1,8.15,57410.0,12.7,1
MT,2018,3.7,8.3,57680.0,12.9,1
MT,2019,3.5,8.5,60190.0,12.6,1
MT,2020,5.8,8.65,56740.0,12.4,1
MT,2021,3.4,8.75,65000.0,12.0,1
MT,2022,2.7,9.2,72970.0,11.8,1
MT,2023,2.7,9.95,79220.0,11.8,1
MT,2024,3.0,10.3,81920.0,10.4,1
NC,1995,4.4,4.25,31980.0,13.1,0
NC,1996,4.3,4.75,35600.0,12.8,0
NC,1997,3.8,5.15,35840.0,12.6,0
NC,1998,3.5,5.15,35840.0,13.0,0
NC,1999,3.3,5.15,37250.0,12.3,0
NC,2000,3.8,5.15,38320.0,11.7,0
NC,2001,5.5,5.15,38160.0,11.9,0
NC,2002,6.5,5.15,36520.0,12.9,0
NC,2003,6.3,5.15,37280.0,13.4,0
NC,2004,5.5,5.15,40240.0,13.8,0
NC,2005,5.2,5.15,42060.0,14.9,0
NC,2006,4.7,5.15,39800.0,14.6,0
NC,2007,4.7,6.15,43510.0,14.3,1
NC,2008,5.9,6.55,42930.0,14.6,0
NC,2009,10.8,7.25,41910.0,16.2,0
NC,2010,10.8,7.25,43830.0,17.4,0
NC,2011,10.4,7.25,45210.0,17.8,0
NC,2012,9.6,7.25,41550.0,18.0,0
NC,2013,7.8,7.25,46340.0,17.8,0
NC,2014,6.1,7.25,46780.0,17.2,0
NC,2015,5.7,7.25,50800.0,16.4,0
NC,2016,5.1,7.25,53760.0,15.4,0
NC,2017,4.6,7.25,49550.0,14.7,0
NC,2018,4.0,7.25,53370.0,14.1,0
NC,2019,3.9,7.25,61160.0,13.6,0
NC,2020,7.3,7.25,60430.0,12.9,0
NC,2021,4.8,7.25,62890.0,13.5,0
NC,2022,3.7,7.25,65070.0,12.8,0
NC,2023,3.5,7.25,68610.0,12.8,0
NC,2024,3.6,7.25,67220.0,12.6,0
ND,1995,3.3,4.25,29090.0,11.9,0
ND,1996,3.1,4.75,31470.0,11.5,0
ND,1997,2.9,5.15,31660.0,12.5,0
ND,1998,3.0,5.15,30300.0,12.9,0
ND,1999,3.2,5.15,32660.0,11.6,0
ND,2000,2.9,5.15,36000.0,10.4,0
ND,2001,2.8,5.15,35790.0,11.4,0
ND,2002,3.4,5.15,36200.0,11.1,0
ND,2003,3.4,5.15,40410.0,10.5,0
ND,2004,3.4,5.15,39220.0,10.8,0
ND,2005,3.3,5.15,42190.0,11.6,0
ND,2006,3.1,5.15,41050.0,11.7,0
ND,2007,3.0,5.85,47210.0,11.8,0
ND,2008,3.1,6.55,49630.0,11.5,0
ND,2009,3.9,7.25,50080.0,11.7,0
ND,2010,3.7,7.25,51010.0,12.5,0
ND,2011,3.3,7.25,56360.0,12.0,0
ND,2012,2.9,7.25,55770.0,11.2,0
ND,2013,2.9,7.25,59150.0,11.6,0
ND,2014,2.7,7.25,60730.0,11.1,0
ND,2015,2.8,7.25,57420.0,10.7,0
ND,2016,3.0,7.25,60180.0,10.5,0
ND,2017,2.6,7.25,60170.0,10.2,0
ND,2018,2.4,7.25,66510.0,10.6,0
ND,2019,2.2,7.25,70030.0,10.5,0
ND,2020,5.0,7.25,64120.0,10.2,0
ND,2021,3.1,7.25,68880.0,10.9,0
ND,2022,2.1,7.25,78720.0,11.2,0
ND,2023,2.1,7.25,76960.0,10.0,0
ND,2024,2.4,7.25,88080.0,10.8,0
NE,1995,2.6,4.25,32930.0,9.8,0
NE,1996,2.7,4.75,34010.0,9.4,0
NE,1997,2.4,5.15,34690.0,9.6,0
NE,1998,2.5,5.15,36410.0,10.3,0
NE,1999,2.8,5.15,38630.0,9.7,0
NE,2000,2.8,5.15,41750.0,8.9,0
NE,2001,3.2,5.15,43610.0,9.3,0
NE,2002,3.7,5.15,42800.0,10.0,0
NE,2003,3.9,5.15,43970.0,9.9,0
NE,2004,3.8,5.15,43790.0,10.0,0
NE,2005,3.8,5.15,47920.0,11.0,0
NE,2006,3.0,5.15,48150.0,11.3,0
NE,2007,3.0,5.85,49170.0,11.1,0
NE,2008,3.3,6.55,50730.0,10.8,0
NE,2009,4.6,7.25,49600.0,12.2,0
NE,2010,4.6,7.25,52500.0,12.6,0
NE,2011,4.4,7.25,55620.0,12.9,0
NE,2012,3.9,7.25,52200.0,12.8,0
NE,2013,3.7,7.25,57620.0,12.9,0
NE,2014,3.2,7.25,56870.0,12.3,0
NE,2015,3.0,8.0,60470.0,12.2,1
NE,2016,3.1,9.0,59370.0,11.3,1
NE,2017,3.0,9.0,59580.0,10.7,1
NE,2018,2.9,9.0,67580.0,11.0,1
NE,2019,3.1,9.0,73070.0,9.9,1
NE,2020,4.3,9.0,72250.0,9.2,1
NE,2021,2.7,9.0,78110.0,10.5,1
NE,2022,2.2,9.0,78360.0,11.1,1
NE,2023,2.3,10.5,89190.0,10.2,1
NE,2024,2.7,12.0,86140.0,10.6,1
NH,1995,3.8,4.25,39170.0,6.9,0
NH,1996,3.7,4.75,39410.0,6.3,0
NH,1997,3.4,5.15,41000.0,7.5,0
NH,1998,2.8,5.15,44960.0,7.5,0
NH,1999,2.7,5.15,46060.0,6.8,0
NH,2000,2.7,5.15,50930.0,5.6,0
NH,2001,3.4,5.15,51330.0,6.0,0
NH,2002,4.5,5.15,55320.0,6.3,0
NH,2003,4.4,5.15,55570.0,6.4,0
NH,2004,3.8,5.15,56820.0,6.6,0
NH,2005,3.6,5.15,56980.0,7.6,0
NH,2006,3.5,5.15,61970.0,8.0,0
NH,2007,3.5,5.85,67580.0,7.3,0
NH,2008,3.8,6.55,66180.0,7.8,0
NH,2009,6.0,7.25,64130.0,8.6,0
NH,2010,6.1,7.25,66630.0,8.6,0
NH,2011,5.5,7.25,65880.0,9.0,0
NH,2012,5.5,7.25,67820.0,9.7,0
NH,2013,5.2,7.25,69100.0,9.0,0
NH,2014,4.3,7.25,73400.0,9.2,0
NH,2015,3.4,7.25,75680.0,8.4,0
NH,2016,2.9,7.25,76260.0,7.6,0
NH,2017,2.8,7.25,75630.0,7.7,0
NH,2018,2.6,7.25,81350.0,7.6,0
NH,2019,2.6,7.25,86900.0,7.5,0
NH,2020,6.8,7.25,88890.0,7.0,0
NH,2021,3.5,7.25,88840.0,7.4,0
NH,2022,2.4,7.25,84970.0,7.4,0
NH,2023,2.3,7.25,98780.0,7.3,0
NH,2024,2.6,7.25,111800.0,7.3,0
NJ,1995,6.4,5.05,43920.0,8.7,1
NJ,1996,6.1,5.05,47470.0,9.0,1
NJ,1997,5.3,5.15,48020.0,9.3,0
NJ,1998,4.6,5.15,49830.0,8.8,0
NJ,1999,4.4,5.15,49730.0,8.1,0
NJ,2000,3.6,5.15,50410.0,7.8,0
NJ,2001,4.2,5.15,51770.0,7.8,0
NJ,2002,5.8,5.15,54570.0,8.3,0
NJ,2003,5.9,5.15,56050.0,8.9,0
NJ,2004,4.9,5.15,55280.0,8.4,0
NJ,2005,4.4,5.15,63370.0,8.7,0
NJ,2006,4.7,6.15,68060.0,8.7,1
NJ,2007,4.2,7.15,60510.0,8.5,1
NJ,2008,5.4,7.15,65310.0,8.7,1
NJ,2009,8.8,7.25,64780.0,9.4,0
NJ,2010,9.7,7.25,62970.0,10.2,0
NJ,2011,9.4,7.25,62340.0,10.4,0
NJ,2012,9.5,7.25,66690.0,10.7,0
NJ,2013,8.4,7.25,63750.0,11.4,0
NJ,2014,6.7,8.25,65240.0,11.1,1
NJ,2015,5.7,8.38,68360.0,10.8,1
NJ,2016,4.9,8.38,68470.0,10.4,1
NJ,2017,4.5,8.44,71240.0,10.0,1
NJ,2018,4.0,8.6,74180.0,9.5,1
NJ,2019,3.5,10.0,87730.0,9.1,1
NJ,2020,9.5,11.0,85550.0,9.4,1
NJ,2021,6.7,12.0,88560.0,10.2,1
NJ,2022,3.9,13.0,92340.0,9.7,1
NJ,2023,4.3,14.13,91590.0,9.7,1
NJ,2024,4.6,15.13,103500.0,9.2,1
NM,1995,6.6,4.25,25990.0,20.2,0
NM,1996,7.5,4.75,25090.0,20.6,0
NM,1997,6.4,5.15,30090.0,19.3,0
NM,1998,6.2,5.15,31540.0,19.0,0
NM,1999,5.6,5.15,32570.0,18.2,0
NM,2000,5.0,5.15,35090.0,17.3,0
NM,2001,5.0,5.15,33120.0,18.0,0
NM,2002,5.5,5.15,35460.0,17.7,0
NM,2003,5.9,5.15,35110.0,17.7,0
NM,2004,5.6,5.15,39560.0,16.7,0
NM,2005,5.2,5.15,38950.0,18.4,0
NM,2006,4.2,5.15,40030.0,18.3,0
NM,2007,3.5,5.85,44360.0,17.9,0
NM,2008,4.4,6.55,42100.0,17.0,0
NM,2009,7.0,7.5,43540.0,18.2,1
NM,2010,7.8,7.5,45130.0,19.8,1
NM,2011,7.2,7.5,41980.0,20.9,1
NM,2012,7.0,7.5,43420.0,20.6,1
NM,2013,6.9,7.5,40170.0,21.4,1
NM,2014,6.6,7.5,46690.0,20.6,1
NM,2015,6.6,7.5,45120.0,19.8,1
NM,2016,6.8,7.5,48450.0,19.1,1
NM,2017,6.1,7.5,45600.0,19.0,1
NM,2018,4.9,7.5,48280.0,18.8,1
NM,2019,5.0,7.5,53110.0,17.5,1
NM,2020,7.9,9.0,50910.0,16.8,1
NM,2021,7.1,10.5,53460.0,17.7,1
NM,2022,4.1,11.5,56420.0,17.3,1
NM,2023,3.7,12.0,60980.0,16.9,1
NM,2024,4.1,12.0,64140.0,15.8,1
NV,1995,5.6,4.25,36080.0,10.5,0
NV,1996,5.1,4.75,38540.0,9.6,0
NV,1997,4.4,5.15,38850.0,10.7,0
NV,1998,4.2,5.15,39760.0,10.5,0
NV,1999,4.0,5.15,41460.0,10.2,0
NV,2000,4.1,5.15,45760.0,9.4,0
NV,2001,5.1,5.15,45400.0,9.3,0
NV,2002,5.6,5.15,44960.0,10.1,0
NV,2003,5.2,5.15,45180.0,11.0,0
NV,2004,4.4,5.15,47200.0,11.1,0
NV,2005,4.2,5.15,48210.0,11.1,0
NV,2006,4.2,5.15,52280.0,10.5,0
NV,2007,4.8,6.15,54060.0,10.6,1
NV,2008,6.9,6.55,54740.0,11.2,0
NV,2009,11.1,7.25,51430.0,12.4,0
NV,2010,13.2,7.55,51200.0,14.8,1
NV,2011,13.0,8.25,47040.0,15.8,1
NV,2012,11.5,8.25,47330.0,16.2,1
NV,2013,10.0,8.25,51850.0,15.8,1
NV,2014,8.2,8.25,49880.0,15.4,1
NV,2015,6.9,8.25,52010.0,14.9,1
NV,2016,5.8,8.25,55430.0,14.1,1
NV,2017,5.0,8.25,58040.0,13.3,1
NV,2018,4.4,8.25,61860.0,13.1,1
NV,2019,4.1,8.25,70910.0,12.7,1
NV,2020,13.7,9.0,61160.0,12.5,1
NV,2021,6.8,9.75,64340.0,14.0,1
NV,2022,5.2,9.5,72330.0,12.6,1
NV,2023,5.1,9.5,81310.0,12.2,1
NV,2024,5.4,12.006,80590.0,11.8,1
NY,1995,6.3,4.25,33030.0,15.8,0
NY,1996,6.2,4.75,35410.0,16.3,0
NY,1997,6.4,5.15,35800.0,15.6,0
NY,1998,5.6,5.15,37390.0,15.4,0
NY,1999,5.2,5.15,39990.0,13.7,0
NY,2000,4.5,5.15,40740.0,13.2,0
NY,2001,4.9,5.15,42110.0,13.7,0
NY,2002,6.2,5.15,41970.0,13.9,0
NY,2003,6.4,5.15,42790.0,14.3,0
NY,2004,5.8,5.15,44650.0,14.5,0
NY,2005,5.0,6.0,47180.0,13.9,1
NY,2006,4.5,6.75,48220.0,14.2,1
NY,2007,4.4,7.15,48940.0,13.8,1
NY,2008,5.4,7.15,50460.0,13.7,1
NY,2009,8.4,7.25,50220.0,14.2,0
NY,2010,8.7,7.25,49780.0,15.0,0
NY,2011,8.4,7.25,50640.0,16.1,0
NY,2012,8.6,7.25,47680.0,15.9,0
NY,2013,7.8,7.25,49970.0,16.0,0
NY,2014,6.3,8.0,54310.0,16.0,1
NY,2015,5.2,8.75,58010.0,15.5,1
NY,2016,4.9,9.0,61440.0,14.8,1
NY,2017,4.6,9.7,61540.0,14.1,1
NY,2018,4.1,10.4,67270.0,13.7,1
NY,2019,3.9,11.1,71850.0,13.1,1
NY,2020,9.9,11.8,68660.0,12.7,1
NY,2021,7.0,12.5,72920.0,14.0,1
NY,2022,4.3,13.2,75910.0,14.2,1
NY,2023,4.0,14.2,81600.0,14.1,1
NY,2024,4.1,16.0,86830.0,14.0,1
OH,1995,4.9,4.25,34940.0,11.3,0
OH,1996,5.0,4.75,34070.0,11.7,0
OH,1997,4.6,5.15,36130.0,11.0,0
OH,1998,4.3,5.15,38930.0,10.7,0
OH,1999,4.3,5.15,39490.0,11.0,0
OH,2000,4.1,5.15,42960.0,9.8,0
OH,2001,4.4,5.15,41790.0,10.3,0
OH,2002,5.8,5.15,42680.0,10.2,0
OH,2003,6.2,5.15,43520.0,10.7,0
OH,2004,6.2,5.15,43060.0,11.7,0
OH,2005,5.9,5.15,44200.0,13.0,0
OH,2006,5.4,5.15,45900.0,13.2,0
OH,2007,5.6,6.85,49100.0,13.1,1
OH,2008,6.6,7.0,46930.0,13.3,1
OH,2009,10.2,7.3,45880.0,15.1,1
OH,2010,10.0,7.3,45890.0,15.8,1
OH,2011,8.8,7.4,44650.0,16.3,1
OH,2012,7.4,7.7,44380.0,16.2,1
OH,2013,7.4,7.85,50750.0,15.9,1
OH,2014,5.8,7.95,49640.0,15.8,1
OH,2015,5.0,8.1,53300.0,14.8,1
OH,2016,5.1,8.1,53990.0,14.5,1
OH,2017,4.9,8.15,60690.0,13.9,1
OH,2018,4.5,8.3,61630.0,13.8,1
OH,2019,4.1,8.55,64660.0,13.0,1
OH,2020,8.3,8.7,60380.0,12.6,1
OH,2021,5.3,8.8,62690.0,13.3,1
OH,2022,4.0,9.3,67520.0,13.4,1
OH,2023,3.7,10.1,73770.0,13.2,1
OH,2024,4.4,10.45,80520.0,12.6,1
OK,1995,4.5,4.25,26310.0,18.2,0
OK,1996,4.0,4.75,27440.0,17.1,0
OK,1997,4.0,5.15,31350.0,16.3,0
OK,1998,4.1,5.15,33730.0,16.1,0
OK,1999,3.5,5.15,32680.0,13.9,0
OK,2000,3.0,5.15,32430.0,13.8,0
OK,2001,3.6,5.15,35610.0,14.4,0
OK,2002,4.6,5.15,36460.0,14.5,0
OK,2003,5.4,5.15,35900.0,14.7,0
OK,2004,4.7,5.15,39610.0,14.0,0
OK,2005,4.3,5.15,37650.0,16.4,0
OK,2006,3.9,5.15,38840.0,16.7,0
OK,2007,4.0,5.85,43220.0,15.8,0
OK,2008,3.6,6.55,46110.0,15.7,0
OK,2009,6.5,7.25,45880.0,16.1,0
OK,2010,6.4,7.25,43100.0,16.8,0
OK,2011,5.6,7.25,48460.0,17.3,0
OK,2012,5.1,7.25,48410.0,17.2,0
OK,2013,5.1,7.25,46160.0,16.7,0
OK,2014,4.3,7.25,47200.0,16.6,0
OK,2015,4.3,7.25,47080.0,16.0,0
OK,2016,4.6,7.25,50940.0,16.1,0
OK,2017,4.0,7.25,51880.0,15.8,0
OK,2018,3.3,7.25,54430.0,15.5,0
OK,2019,3.1,7.25,59400.0,15.1,0
OK,2020,6.3,7.25,52470.0,14.3,0
OK,2021,4.0,7.25,60100.0,15.4,0
OK,2022,3.0,7.25,63440.0,15.6,0
OK,2023,3.1,7.25,67330.0,15.8,0
OK,2024,3.2,7.25,65310.0,14.8,0
OR,1995,4.8,4.75,36370.0,12.5,1
OR,1996,5.6,4.75,35490.0,12.3,0
OR,1997,5.6,5.5,37250.0,11.6,1
OR,1998,5.6,6.0,39070.0,12.1,1
OR,1999,5.5,6.0,40620.0,11.3,1
OR,2000,5.2,6.5,42500.0,10.6,1
OR,2001,6.4,6.5,41270.0,11.1,1
OR,2002,7.4,6.5,41800.0,11.3,1
OR,2003,8.0,6.9,41640.0,12.0,1
OR,2004,7.3,7.05,40990.0,12.9,1
OR,2005,6.2,7.25,44160.0,14.1,1
OR,2006,5.4,7.5,47090.0,13.4,1
OR,2007,5.2,7.8,50240.0,13.0,1
OR,2008,6.3,7.95,51730.0,13.5,1
OR,2009,10.6,8.4,49100.0,14.3,1
OR,2010,10.6,8.4,50600.0,15.8,1
OR,2011,9.5,8.5,51530.0,17.3,1
OR,2012,8.7,8.8,51780.0,17.0,1
OR,2013,7.8,8.95,49000.0,16.5,1
OR,2014,6.6,9.1,58880.0,16.4,1
OR,2015,5.5,9.25,60830.0,15.2,1
OR,2016,4.8,9.75,59140.0,13.4,1
OR,2017,4.1,10.25,62500.0,13.2,1
OR,2018,4.0,10.75,69170.0,12.5,1
OR,2019,3.7,11.25,74410.0,11.5,1
OR,2020,7.6,12.0,76850.0,11.0,1
OR,2021,5.1,12.75,81850.0,12.2,1
OR,2022,3.9,13.5,86780.0,12.0,1
OR,2023,3.8,13.5,88740.0,12.1,1
OR,2024,4.3,15.95,89700.0,11.7,1
PA,1995,5.9,4.25,34520.0,11.4,0
PA,1996,5.5,4.75,34900.0,11.5,0
PA,1997,5.1,5.15,37520.0,10.9,0
PA,1998,4.7,5.15,39020.0,10.7,0
PA,1999,4.5,5.15,37760.0,10.0,0
PA,2000,4.2,5.15,42180.0,9.5,0
PA,2001,4.8,5.15,43500.0,10.0,0
PA,2002,5.5,5.15,42500.0,10.0,0
PA,2003,5.7,5.15,42930.0,10.6,0
PA,2004,5.3,5.15,44110.0,11.2,0
PA,2005,5.0,5.15,46300.0,11.9,0
PA,2006,4.7,5.15,48480.0,12.0,0
PA,2007,4.6,6.25,48440.0,11.6,1
PA,2008,5.4,7.15,51400.0,12.1,1
PA,2009,8.0,7.25,48170.0,12.5,0
PA,2010,8.1,7.25,48310.0,13.4,0
PA,2011,7.7,7.25,49910.0,13.7,0
PA,2012,7.6,7.25,51900.0,13.7,0
PA,2013,7.0,7.25,55160.0,13.7,0
PA,2014,6.0,7.25,55170.0,13.6,0
PA,2015,5.4,7.25,60390.0,13.1,0
PA,2016,5.3,7.25,60980.0,12.9,0
PA,2017,5.0,7.25,61290.0,12.5,0
PA,2018,4.4,7.25,64520.0,12.2,0
PA,2019,4.3,7.25,70580.0,12.0,0
PA,2020,8.8,7.25,70790.0,10.9,0
PA,2021,6.0,7.25,72630.0,12.0,0
PA,2022,4.1,7.25,72210.0,11.8,0
PA,2023,3.7,7.25,79820.0,11.9,0
PA,2024,3.8,7.25,80060.0,11.6,0
RI,1995,6.3,4.45,35360.0,11.6,1
RI,1996,5.2,4.75,36990.0,11.8,0
RI,1997,5.4,5.15,34800.0,11.2,0
RI,1998,4.6,5.15,40690.0,10.6,0
RI,1999,4.2,5.15,42720.0,10.8,0
RI,2000,4.0,5.65,42200.0,10.2,1
RI,2001,4.5,6.15,45720.0,10.2,1
RI,2002,5.0,6.15,42420.0,11.0,1
RI,2003,5.5,6.15,44710.0,11.3,1
RI,2004,5.3,6.75,47940.0,11.6,1
RI,2005,5.1,6.75,49480.0,11.9,1
RI,2006,5.3,6.75,53740.0,11.5,1
RI,2007,5.1,7.4,54210.0,11.9,1
RI,2008,7.6,7.4,53240.0,12.1,1
RI,2009,11.2,7.4,51630.0,12.0,1
RI,2010,11.6,7.4,51620.0,14.1,1
RI,2011,11.1,7.4,49030.0,14.7,1
RI,2012,10.3,7.4,56070.0,14.2,1
RI,2013,9.5,7.75,56320.0,14.7,1
RI,2014,7.8,8.0,58630.0,14.8,1
RI,2015,6.0,9.0,55700.0,14.1,1
RI,2016,5.2,9.6,61530.0,13.3,1
RI,2017,4.5,9.6,65400.0,12.3,1
RI,2018,4.0,10.1,62270.0,12.8,1
RI,2019,3.5,10.5,70150.0,11.6,1
RI,2020,9.3,10.5,80170.0,10.6,1
RI,2021,5.6,11.5,74980.0,12.1,1
RI,2022,3.2,12.25,80650.0,11.2,1
RI,2023,3.0,13.0,81860.0,11.4,1
RI,2024,4.2,14.0,92290.0,12.0,1
SC,1995,5.1,4.25,29070.0,15.7,0
SC,1996,5.7,4.75,34670.0,15.2,0
SC,1997,4.5,5.15,34260.0,14.9,0
SC,1998,3.6,5.15,33270.0,14.3,0
SC,1999,4.2,5.15,36460.0,13.2,0
SC,2000,3.7,5.15,37570.0,12.8,0
SC,2001,5.2,5.15,37740.0,13.8,0
SC,2002,6.1,5.15,37810.0,14.0,0
SC,2003,6.8,5.15,38480.0,13.8,0
SC,2004,6.9,5.15,38690.0,15.0,0
SC,2005,6.8,5.15,40230.0,15.6,0
SC,2006,6.4,5.15,39620.0,15.7,0
SC,2007,5.6,5.85,44210.0,15.1,0
SC,2008,6.9,6.55,42160.0,15.7,0
SC,2009,11.0,7.25,41100.0,17.1,0
SC,2010,11.1,7.25,41700.0,18.1,0
SC,2011,10.4,7.25,40080.0,18.8,0
SC,2012,9.0,7.25,44400.0,18.3,0
SC,2013,7.4,7.25,43560.0,18.5,0
SC,2014,6.3,7.25,44930.0,17.9,0
SC,2015,5.9,7.25,46360.0,16.8,0
SC,2016,4.9,7.25,54340.0,15.3,0
SC,2017,4.2,7.25,54540.0,15.4,0
SC,2018,3.4,7.25,57440.0,15.2,0
SC,2019,2.8,7.25,62030.0,13.9,0
SC,2020,6.0,7.25,60340.0,13.8,0
SC,2021,3.9,7.25,62540.0,14.5,0
SC,2022,3.2,7.25,61770.0,14.0,0
SC,2023,3.0,7.25,69100.0,13.9,0
SC,2024,4.1,7.25,76780.0,13.3,0
SD,1995,3.2,4.25,29580.0,13.7,0
SD,1996,3.3,4.75,29530.0,13.0,0
SD,1997,2.9,5.15,29690.0,14.0,0
SD,1998,2.9,5.15,32790.0,13.0,0
SD,1999,2.7,5.15,35830.0,11.7,0
SD,2000,2.5,5.15,36480.0,11.4,0
SD,2001,3.0,5.15,39670.0,11.7,0
SD,2002,3.3,5.15,37870.0,12.4,0
SD,2003,3.5,5.15,39520.0,12.3,0
SD,2004,3.6,5.15,41110.0,12.9,0
SD,2005,3.5,5.15,43150.0,13.6,0
SD,2006,3.0,5.15,45430.0,13.6,0
SD,2007,2.8,5.85,46420.0,13.2,0
SD,2008,3.1,6.55,51600.0,12.7,0
SD,2009,4.6,7.25,45830.0,14.2,0
SD,2010,4.9,7.25,45350.0,14.6,0
SD,2011,4.6,7.25,47220.0,14.1,0
SD,2012,4.0,7.25,49420.0,13.6,0
SD,2013,3.7,7.25,53410.0,14.0,0
SD,2014,3.3,7.25,53050.0,14.1,0
SD,2015,3.0,8.5,55070.0,13.5,1
SD,2016,3.0,8.55,57450.0,12.9,1
SD,2017,3.0,8.65,56910.0,12.8,1
SD,2018,2.8,8.85,59460.0,12.9,1
SD,2019,2.7,9.1,64260.0,11.9,1
SD,2020,4.1,9.3,70190.0,11.6,1
SD,2021,2.6,9.45,73890.0,11.9,1
SD,2022,1.9,9.95,67180.0,12.4,1
SD,2023,1.8,10.8,81740.0,11.4,1
SD,2024,1.8,11.2,79850.0,10.5,1
TN,1995,5.1,4.25,29020.0,14.7,0
TN,1996,5.2,4.75,30790.0,14.8,0
TN,1997,5.2,5.15,30640.0,13.6,0
TN,1998,4.4,5.15,34090.0,13.1,0
TN,1999,4.0,5.15,36520.0,12.8,0
TN,2000,3.8,5.15,34100.0,12.6,0
TN,2001,4.6,5.15,35780.0,13.2,0
TN,2002,5.2,5.15,37030.0,13.6,0
TN,2003,5.5,5.15,37520.0,13.5,0
TN,2004,5.4,5.15,38070.0,15.0,0
TN,2005,5.5,5.15,39410.0,15.6,0
TN,2006,5.2,5.15,40690.0,16.1,0
TN,2007,4.6,5.85,41200.0,15.8,0
TN,2008,6.5,6.55,39700.0,15.5,0
TN,2009,10.4,7.25,40520.0,17.2,0
TN,2010,9.8,7.25,38590.0,17.8,0
TN,2011,9.0,7.25,42280.0,18.4,0
TN,2012,7.9,7.25,43000.0,18.0,0
TN,2013,7.6,7.25,43360.0,17.8,0
TN,2014,6.6,7.25,43720.0,18.2,0
TN,2015,5.5,7.25,47330.0,16.7,0
TN,2016,4.7,7.25,51340.0,15.8,0
TN,2017,3.7,7.25,55310.0,15.0,0
TN,2018,3.5,7.25,56060.0,15.2,0
TN,2019,3.3,7.25,56630.0,13.8,0
TN,2020,7.5,7.25,54970.0,13.6,0
TN,2021,4.4,7.25,62170.0,13.7,0
TN,2022,3.4,7.25,65380.0,13.3,0
TN,2023,3.2,7.25,72700.0,13.8,0
TN,2024,3.4,7.25,75860.0,13.3,0
TX,1995,6.1,4.25,32040.0,18.5,0
TX,1996,5.8,4.75,33070.0,17.5,0
TX,1997,5.4,5.15,35080.0,16.7,0
TX,1998,5.0,5.15,35780.0,15.6,0
TX,1999,4.7,5.15,38690.0,15.1,0
TX,2000,4.4,5.15,38610.0,14.6,0
TX,2001,5.0,5.15,40860.0,15.0,0
TX,2002,6.4,5.15,40150.0,15.4,0
TX,2003,6.8,5.15,39270.0,16.2,0
TX,2004,6.0,5.15,41400.0,16.2,0
TX,2005,5.5,5.15,41420.0,17.5,0
TX,2006,5.0,5.15,43310.0,16.9,0
TX,2007,4.3,5.85,46050.0,16.3,0
TX,2008,4.9,6.55,46490.0,15.8,0
TX,2009,7.6,7.25,47480.0,17.1,0
TX,2010,8.2,7.25,47270.0,17.9,0
TX,2011,8.0,7.25,49050.0,18.5,0
TX,2012,6.7,7.25,51930.0,17.9,0
TX,2013,6.3,7.25,51410.0,17.5,0
TX,2014,5.2,7.25,53880.0,17.2,0
TX,2015,4.5,7.25,56470.0,15.9,0
TX,2016,4.7,7.25,58150.0,15.6,0
TX,2017,4.4,7.25,60090.0,14.7,0
TX,2018,3.9,7.25,59790.0,14.9,0
TX,2019,3.5,7.25,67440.0,13.6,0
TX,2020,7.7,7.25,68400.0,13.4,0
TX,2021,5.6,7.25,67400.0,14.2,0
TX,2022,3.9,7.25,74640.0,14.0,0
TX,2023,4.0,7.25,79060.0,13.7,0
TX,2024,4.1,7.25,81490.0,13.4,0
UT,1995,3.4,4.25,36480.0,9.7,0
UT,1996,3.4,4.75,37040.0,9.4,0
UT,1997,3.2,5.15,42780.0,10.0,0
UT,1998,3.6,5.15,44300.0,10.0,0
UT,1999,3.5,5.15,46050.0,8.5,0
UT,2000,3.3,5.15,47550.0,8.8,0
UT,2001,4.4,5.15,47340.0,9.4,0
UT,2002,5.7,5.15,47860.0,9.7,0
UT,2003,5.6,5.15,49280.0,10.0,0
UT,2004,5.0,5.15,50870.0,10.3,0
UT,2005,4.0,5.15,54810.0,10.5,0
UT,2006,2.9,5.15,54630.0,10.7,0
UT,2007,2.6,5.85,53530.0,9.8,0
UT,2008,3.3,6.55,62540.0,9.7,0
UT,2009,7.6,7.25,58490.0,11.7,0
UT,2010,8.3,7.25,56700.0,13.3,0
UT,2011,7.2,7.25,55490.0,13.6,0
UT,2012,4.8,7.25,58340.0,13.0,0
UT,2013,4.2,7.25,61050.0,12.6,0
UT,2014,3.6,7.25,63380.0,11.8,0
UT,2015,3.5,7.25,66260.0,11.2,0
UT,2016,3.3,7.25,67480.0,10.2,0
UT,2017,3.2,7.25,69790.0,9.7,0
UT,2018,2.9,7.25,77070.0,9.1,0
UT,2019,2.5,7.25,84520.0,8.8,0
UT,2020,4.8,7.25,83990.0,7.3,0
UT,2021,2.8,7.25,87650.0,8.7,0
UT,2022,2.4,7.25,95800.0,8.3,0
UT,2023,2.7,7.25,101200.0,9.0,0
UT,2024,3.3,7.25,104000.0,8.4,0
VA,1995,4.4,4.25,36220.0,11.3,0
VA,1996,4.2,4.75,39210.0,11.5,0
VA,1997,3.6,5.15,42960.0,11.6,0
VA,1998,2.8,5.15,43350.0,10.2,0
VA,1999,2.7,5.15,45690.0,9.0,0
VA,2000,2.3,5.15,47160.0,8.9,0
VA,2001,3.2,5.15,50240.0,8.8,0
VA,2002,4.2,5.15,49630.0,9.6,0
VA,2003,4.1,5.15,54780.0,10.0,0
VA,2004,3.7,5.15,51140.0,9.5,0
VA,2005,3.5,5.15,51910.0,10.0,0
VA,2006,3.1,5.15,57120.0,9.6,0
VA,2007,3.1,5.85,59160.0,9.9,0
VA,2008,4.1,6.55,61990.0,10.2,0
VA,2009,6.8,7.25,60500.0,10.6,0
VA,2010,6.8,7.25,60370.0,11.1,0
VA,2011,6.3,7.25,62620.0,11.6,0
VA,2012,5.8,7.25,64630.0,11.8,0
VA,2013,5.5,7.25,65910.0,11.7,0
VA,2014,5.1,7.25,66160.0,11.8,0
VA,2015,4.4,7.25,61490.0,11.2,0
VA,2016,4.0,7.25,66450.0,11.0,0
VA,2017,3.6,7.25,70810.0,10.7,0
VA,2018,3.0,7.25,77150.0,10.7,0
VA,2019,2.7,7.25,81310.0,9.9,0
VA,2020,6.5,7.25,82210.0,9.2,0
VA,2021,3.8,9.5,80270.0,10.3,1
VA,2022,2.7,11.0,85170.0,10.6,1
VA,2023,2.7,12.0,96490.0,10.2,1
VA,2024,2.9,12.0,97720.0,9.8,1
VT,1995,4.2,4.25,33820.0,11.2,0
VT,1996,4.2,4.75,32360.0,11.0,0
VT,1997,3.9,5.15,35050.0,9.7,0
VT,1998,3.4,5.25,39370.0,9.6,1
VT,1999,3.1,5.25,41580.0,9.3,1
VT,2000,2.8,5.75,39590.0,8.8,1
VT,2001,3.2,6.25,40790.0,8.9,1
VT,2002,3.9,6.25,43000.0,9.3,1
VT,2003,4.3,6.25,43260.0,9.2,1
VT,2004,3.6,6.75,47330.0,8.7,1
VT,2005,3.5,7.0,50700.0,10.4,1
VT,2006,3.7,7.25,51980.0,10.2,1
VT,2007,3.9,7.53,47390.0,10.1,1
VT,2008,4.5,7.68,50710.0,10.4,1
VT,2009,6.5,8.06,52320.0,11.5,1
VT,2010,6.2,8.06,55930.0,12.4,1
VT,2011,5.4,8.15,51860.0,11.9,1
VT,2012,4.8,8.46,55580.0,11.9,1
VT,2013,4.4,8.6,65510.0,12.3,1
VT,2014,3.9,8.73,60710.0,12.0,1
VT,2015,3.5,9.15,59490.0,10.4,1
VT,2016,3.1,9.6,60840.0,11.3,1
VT,2017,2.9,10.0,63680.0,10.8,1
VT,2018,2.5,10.5,70070.0,10.7,1
VT,2019,2.1,10.78,74310.0,10.1,1
VT,2020,5.6,10.96,67260.0,9.4,1
VT,2021,3.5,11.75,76080.0,10.2,1
VT,2022,2.3,12.55,72190.0,10.2,1
VT,2023,1.9,13.18,85190.0,9.9,1
VT,2024,2.3,13.67,85260.0,9.3,1
WA,1995,6.2,4.25,35570.0,10.8,0
WA,1996,5.9,4.9,36680.0,11.5,1
WA,1997,4.9,5.15,44560.0,10.2,0
WA,1998,4.8,5.15,47420.0,9.9,0
WA,1999,4.9,5.15,45470.0,9.9,0
WA,2000,5.1,6.5,42530.0,9.6,1
WA,2001,6.0,6.72,42490.0,9.9,1
WA,2002,7.2,6.9,45180.0,10.3,1
WA,2003,7.3,7.01,47510.0,11.0,1
WA,2004,6.2,7.16,49920.0,11.6,1
WA,2005,5.6,7.35,50650.0,12.0,1
WA,2006,5.0,7.63,54720.0,11.8,1
WA,2007,4.6,7.93,58080.0,11.4,1
WA,2008,5.2,8.07,56630.0,11.3,1
WA,2009,9.0,8.55,60390.0,12.3,1
WA,2010,10.0,8.55,56160.0,13.5,1
WA,2011,9.4,8.67,56850.0,13.9,1
WA,2012,8.4,9.04,62190.0,13.6,1
WA,2013,6.6,9.19,63920.0,14.1,1
WA,2014,5.9,9.32,59070.0,13.2,1
WA,2015,5.4,9.47,67240.0,12.2,1
WA,2016,5.2,9.47,70310.0,11.3,1
WA,2017,4.6,11.0,71540.0,11.0,1
WA,2018,4.4,11.5,79730.0,10.3,1
WA,2019,4.2,12.0,82450.0,9.8,1
WA,2020,8.7,13.5,81360.0,9.5,1
WA,2021,5.2,13.69,87650.0,9.9,1
WA,2022,4.0,14.49,89430.0,10.0,1
WA,2023,4.2,15.74,93440.0,10.3,1
WA,2024,4.5,16.28,97500.0,10.0,1
WI,1995,3.7,4.25,40960.0,8.9,0
WI,1996,3.6,4.75,40000.0,8.7,0
WI,1997,3.5,5.15,39600.0,9.2,0
WI,1998,3.3,5.15,41330.0,8.9,0
WI,1999,3.1,5.15,45670.0,8.4,0
WI,2000,3.4,5.15,45090.0,8.1,0
WI,2001,4.4,5.15,45350.0,8.1,0
WI,2002,5.3,5.15,45900.0,8.5,0
WI,2003,5.6,5.15,46270.0,8.9,0
WI,2004,5.0,5.15,45730.0,10.9,0
WI,2005,4.7,5.15,44650.0,10.2,0
WI,2006,4.7,5.7,51690.0,10.9,1
WI,2007,4.8,6.5,51280.0,10.8,1
WI,2008,4.9,6.55,51200.0,10.5,0
WI,2009,8.8,7.25,51240.0,12.4,0
WI,2010,8.4,7.25,50350.0,13.2,0
WI,2011,7.6,7.25,52060.0,13.1,0
WI,2012,6.9,7.25,53080.0,13.2,0
WI,2013,6.7,7.25,51730.0,13.5,0
WI,2014,5.4,7.25,58080.0,13.2,0
WI,2015,4.4,7.25,55430.0,12.1,0
WI,2016,3.9,7.25,59820.0,11.8,0
WI,2017,3.3,7.25,63480.0,11.3,0
WI,2018,3.0,7.25,62630.0,11.1,0
WI,2019,3.2,7.25,67350.0,10.4,0
WI,2020,6.4,7.25,67410.0,10.0,0
WI,2021,3.8,7.25,69940.0,10.8,0
WI,2022,2.8,7.25,73330.0,10.8,0
WI,2023,2.8,7.25,79690.0,10.6,0
WI,2024,3.0,7.25,82560.0,10.3,0
WV,1995,8.0,4.25,24880.0,19.9,0
WV,1996,7.6,4.75,25250.0,19.9,0
WV,1997,7.0,5.15,27490.0,16.8,0
WV,1998,6.6,5.15,26700.0,16.8,0
WV,1999,6.4,5.15,29300.0,16.3,0
WV,2000,5.6,5.15,29410.0,15.5,0
WV,2001,5.3,5.15,29670.0,16.7,0
WV,2002,6.1,5.15,29360.0,16.1,0
WV,2003,6.1,5.15,32760.0,16.3,0
WV,2004,5.4,5.15,33370.0,16.2,0
WV,2005,5.0,5.15,36450.0,18.0,0
WV,2006,4.8,5.15,38420.0,17.6,0
WV,2007,4.5,5.85,42090.0,17.1,0
WV,2008,4.5,6.55,37990.0,17.4,0
WV,2009,8.0,7.25,40490.0,17.8,0
WV,2010,8.4,7.25,42780.0,18.2,0
WV,2011,7.7,7.25,41820.0,18.7,0
WV,2012,7.2,7.25,43550.0,18.0,0
WV,2013,6.7,7.25,43070.0,18.4,0
WV,2014,6.5,7.25,39550.0,18.3,0
WV,2015,6.5,8.0,42820.0,18.0,1
WV,2016,6.1,8.75,44350.0,17.9,1
WV,2017,5.2,8.75,46960.0,18.5,1
WV,2018,5.1,8.75,50570.0,17.4,1
WV,2019,4.9,8.75,53710.0,16.2,1
WV,2020,8.3,8.75,51970.0,15.8,1
WV,2021,5.1,8.75,46840.0,16.8,1
WV,2022,3.9,8.75,52460.0,17.4,1
WV,2023,3.9,8.75,60410.0,16.4,1
WV,2024,4.0,8.75,63150.0,16.2,1
WY,1995,4.8,4.25,31530.0,11.5,0
WY,1996,5.0,4.75,30950.0,11.1,0
WY,1997,4.8,5.15,33420.0,12.0,0
WY,1998,4.8,5.15,35250.0,11.4,0
WY,1999,4.7,5.15,37250.0,11.2,0
WY,2000,3.8,5.15,39630.0,10.4,0
WY,2001,3.9,5.15,39720.0,10.5,0
WY,2002,4.1,5.15,39760.0,10.6,0
WY,2003,4.4,5.15,42560.0,10.8,0
WY,2004,3.8,5.15,45400.0,10.3,0
WY,2005,3.6,5.15,44720.0,10.6,0
WY,2006,3.1,5.15,47040.0,10.3,0
WY,2007,2.7,5.85,48740.0,9.5,0
WY,2008,3.0,6.55,53340.0,9.5,0
WY,2009,6.3,7.25,52470.0,10.2,0
WY,2010,6.9,7.25,52200.0,11.4,0
WY,2011,6.1,7.25,54510.0,11.3,0
WY,2012,5.4,7.25,57510.0,11.9,0
WY,2013,4.7,7.25,67440.0,10.9,0
WY,2014,4.4,7.25,55690.0,11.2,0
WY,2015,4.2,7.25,60930.0,10.6,0
WY,2016,5.3,7.25,57830.0,10.9,0
WY,2017,4.3,7.25,59540.0,10.8,0
WY,2018,4.1,7.25,62540.0,10.7,0
WY,2019,3.7,7.25,65130.0,9.9,0
WY,2020,5.9,7.25,65450.0,9.2,0
WY,2021,4.6,7.25,71050.0,10.6,0
WY,2022,3.4,7.25,73090.0,11.2,0
WY,2023,2.9,7.25,77200.0,10.4,0
WY,2024,3.1,7.25,78680.0,10.0,0
