state,date,value
AL,1984-01-01,17310.0
AL,1985-01-01,18330.0
AL,1986-01-01,19130.0
AL,1987-01-01,19730.0
AL,1988-01-01,19950.0
AL,1989-01-01,21280.0
AL,1990-01-01,23360.0
AL,1991-01-01,24350.0
AL,1992-01-01,25810.0
AL,1993-01-01,25080.0
AL,1994-01-01,27200.0
AL,1995-01-01,25990.0
AL,1996-01-01,30300.0
AL,1997-01-01,31940.0
AL,1998-01-01,36270.0
AL,1999-01-01,36250.0
AL,2000-01-01,35420.0
AL,2001-01-01,35160.0
AL,2002-01-01,37600.0
AL,2003-01-01,37260.0
AL,2004-01-01,36630.0
AL,2005-01-01,37150.0
AL,2006-01-01,37950.0
AL,2007-01-01,42210.0
AL,2008-01-01,44480.0
AL,2009-01-01,39980.0
AL,2010-01-01,40930.0
AL,2011-01-01,42590.0
AL,2012-01-01,43460.0
AL,2013-01-01,47320.0
AL,2014-01-01,42280.0
AL,2015-01-01,44510.0
AL,2016-01-01,47220.0
AL,2017-01-01,50870.0
AL,2018-01-01,49940.0
AL,2019-01-01,56200.0
AL,2020-01-01,54690.0
AL,2021-01-01,56930.0
AL,2022-01-01,59910.0
AL,2023-01-01,60660.0
AL,2024-01-01,65560.0
AK,1984-01-01,32360.0
AK,1985-01-01,34780.0
AK,1986-01-01,31360.0
AK,1987-01-01,33230.0
AK,1988-01-01,33100.0
AK,1989-01-01,36010.0
AK,1990-01-01,39300.0
AK,1991-01-01,40610.0
AK,1992-01-01,41800.0
AK,1993-01-01,42930.0
AK,1994-01-01,45370.0
AK,1995-01-01,47950.0
AK,1996-01-01,52780.0
AK,1997-01-01,47990.0
AK,1998-01-01,50690.0
AK,1999-01-01,51400.0
AK,2000-01-01,52850.0
AK,2001-01-01,57360.0
AK,2002-01-01,52770.0
AK,2003-01-01,51840.0
AK,2004-01-01,55060.0
AK,2005-01-01,55890.0
AK,2006-01-01,56420.0
AK,2007-01-01,62990.0
AK,2008-01-01,63990.0
AK,2009-01-01,61600.0
AK,2010-01-01,57850.0
AK,2011-01-01,57430.0
AK,2012-01-01,63650.0
AK,2013-01-01,72470.0
AK,2014-01-01,67630.0
AK,2015-01-01,75110.0
AK,2016-01-01,75720.0
AK,2017-01-01,77990.0
AK,2018-01-01,68730.0
AK,2019-01-01,78390.0
AK,2020-01-01,74750.0
AK,2021-01-01,81130.0
AK,2022-01-01,89740.0
AK,2023-01-01,98190.0
AK,2024-01-01,91260.0
AZ,1984-01-01,21430.0
AZ,1985-01-01,23880.0
AZ,1986-01-01,25500.0
AZ,1987-01-01,26750.0
AZ,1988-01-01,26440.0
AZ,1989-01-01,28550.0
AZ,1990-01-01,29220.0
AZ,1991-01-01,30740.0
AZ,1992-01-01,29360.0
AZ,1993-01-01,30510.0
AZ,1994-01-01,31290.0
AZ,1995-01-01,30860.0
AZ,1996-01-01,31640.0
AZ,1997-01-01,32740.0
AZ,1998-01-01,37090.0
AZ,1999-01-01,37000.0
AZ,2000-01-01,39780.0
AZ,2001-01-01,42700.0
AZ,2002-01-01,39730.0
AZ,2003-01-01,41170.0
AZ,2004-01-01,43850.0
AZ,2005-01-01,45250.0
AZ,2006-01-01,46660.0
AZ,2007-01-01,47220.0
AZ,2008-01-01,46910.0
AZ,2009-01-01,45740.0
AZ,2010-01-01,46900.0
AZ,2011-01-01,48620.0
AZ,2012-01-01,47040.0
AZ,2013-01-01,52610.0
AZ,2014-01-01,49250.0
AZ,2015-01-01,52250.0
AZ,2016-01-01,57100.0
AZ,2017-01-01,59700.0
AZ,2018-01-01,62280.0
AZ,2019-01-01,70670.0
AZ,2020-01-01,67090.0
AZ,2021-01-01,70820.0
AZ,2022-01-01,73450.0
AZ,2023-01-01,82660.0
AZ,2024-01-01,84700.0
AR,1984-01-01,15670.0
AR,1985-01-01,17450.0
AR,1986-01-01,18730.0
AR,1987-01-01,18830.0
AR,1988-01-01,20170.0
AR,1989-01-01,21430.0
AR,1990-01-01,22790.0
AR,1991-01-01,23440.0
AR,1992-01-01,23880.0
AR,1993-01-01,23040.0
AR,1994-01-01,25570.0
AR,1995-01-01,25810.0
AR,1996-01-01,27120.0
AR,1997-01-01,26160.0
AR,1998-01-01,27670.0
AR,1999-01-01,29680.0
AR,2000-01-01,29700.0
AR,2001-01-01,33340.0
AR,2002-01-01,32390.0
AR,2003-01-01,32000.0
AR,2004-01-01,34980.0
AR,2005-01-01,36660.0
AR,2006-01-01,37060.0
AR,2007-01-01,40800.0
AR,2008-01-01,39590.0
AR,2009-01-01,36540.0
AR,2010-01-01,38590.0
AR,2011-01-01,41300.0
AR,2012-01-01,39020.0
AR,2013-01-01,39380.0
AR,2014-01-01,44920.0
AR,2015-01-01,42800.0
AR,2016-01-01,45910.0
AR,2017-01-01,49750.0
AR,2018-01-01,49780.0
AR,2019-01-01,54540.0
AR,2020-01-01,50780.0
AR,2021-01-01,50780.0
AR,2022-01-01,53980.0
AR,2023-01-01,63250.0
AR,2024-01-01,64840.0
CA,1984-01-01,25290.0
CA,1985-01-01,26980.0
CA,1986-01-01,29010.0
CA,1987-01-01,30150.0
CA,1988-01-01,30290.0
CA,1989-01-01,33010.0
CA,1990-01-01,33290.0
CA,1991-01-01,33660.0
CA,1992-01-01,34900.0
CA,1993-01-01,34070.0
CA,1994-01-01,35330.0
CA,1995-01-01,37010.0
CA,1996-01-01,38810.0
CA,1997-01-01,39690.0
CA,1998-01-01,40930.0
CA,1999-01-01,43630.0
CA,2000-01-01,46820.0
CA,2001-01-01,47260.0
CA,2002-01-01,47440.0
CA,2003-01-01,49300.0
CA,2004-01-01,49220.0
CA,2005-01-01,51760.0
CA,2006-01-01,55320.0
CA,2007-01-01,55730.0
CA,2008-01-01,57010.0
CA,2009-01-01,56130.0
CA,2010-01-01,54280.0
CA,2011-01-01,53370.0
CA,2012-01-01,57020.0
CA,2013-01-01,60790.0
CA,2014-01-01,60490.0
CA,2015-01-01,63640.0
CA,2016-01-01,66640.0
CA,2017-01-01,70040.0
CA,2018-01-01,70490.0
CA,2019-01-01,78100.0
CA,2020-01-01,77650.0
CA,2021-01-01,81580.0
CA,2022-01-01,85300.0
CA,2023-01-01,89870.0
CA,2024-01-01,100600.0
CO,1984-01-01,25800.0
CO,1985-01-01,28180.0
CO,1986-01-01,27190.0
CO,1987-01-01,26480.0
CO,1988-01-01,26210.0
CO,1989-01-01,26810.0
CO,1990-01-01,30730.0
CO,1991-01-01,31500.0
CO,1992-01-01,32480.0
CO,1993-01-01,34490.0
CO,1994-01-01,37830.0
CO,1995-01-01,40710.0
CO,1996-01-01,40950.0
CO,1997-01-01,43230.0
CO,1998-01-01,46600.0
CO,1999-01-01,48180.0
CO,2000-01-01,48240.0
CO,2001-01-01,49400.0
CO,2002-01-01,48290.0
CO,2003-01-01,49940.0
CO,2004-01-01,50890.0
CO,2005-01-01,50450.0
CO,2006-01-01,55700.0
CO,2007-01-01,61140.0
CO,2008-01-01,60940.0
CO,2009-01-01,55930.0
CO,2010-01-01,60230.0
CO,2011-01-01,58630.0
CO,2012-01-01,57260.0
CO,2013-01-01,67910.0
CO,2014-01-01,60940.0
CO,2015-01-01,66600.0
CO,2016-01-01,70570.0
CO,2017-01-01,74980.0
CO,2018-01-01,73030.0
CO,2019-01-01,72500.0
CO,2020-01-01,83780.0
CO,2021-01-01,84950.0
CO,2022-01-01,89930.0
CO,2023-01-01,96640.0
CO,2024-01-01,106500.0
CT,1984-01-01,29950.0
CT,1985-01-01,31090.0
CT,1986-01-01,32720.0
CT,1987-01-01,32860.0
CT,1988-01-01,36210.0
CT,1989-01-01,42320.0
CT,1990-01-01,38870.0
CT,1991-01-01,42150.0
CT,1992-01-01,40840.0
CT,1993-01-01,39520.0
CT,1994-01-01,41100.0
CT,1995-01-01,40240.0
CT,1996-01-01,42120.0
CT,1997-01-01,43990.0
CT,1998-01-01,46510.0
CT,1999-01-01,50590.0
CT,2000-01-01,50170.0
CT,2001-01-01,53350.0
CT,2002-01-01,53390.0
CT,2003-01-01,54970.0
CT,2004-01-01,55100.0
CT,2005-01-01,56840.0
CT,2006-01-01,62400.0
CT,2007-01-01,64140.0
CT,2008-01-01,64680.0
CT,2009-01-01,64850.0
CT,2010-01-01,66000.0
CT,2011-01-01,65420.0
CT,2012-01-01,64250.0
CT,2013-01-01,69290.0
CT,2014-01-01,70160.0
CT,2015-01-01,72890.0
CT,2016-01-01,75920.0
CT,2017-01-01,74300.0
CT,2018-01-01,72810.0
CT,2019-01-01,87290.0
CT,2020-01-01,79430.0
CT,2021-01-01,80960.0
CT,2022-01-01,90730.0
CT,2023-01-01,92240.0
CT,2024-01-01,99240.0
DE,1984-01-01,25820.0
DE,1985-01-01,22980.0
DE,1986-01-01,25630.0
DE,1987-01-01,29240.0
DE,1988-01-01,30510.0
DE,1989-01-01,32070.0
DE,1990-01-01,30800.0
DE,1991-01-01,32590.0
DE,1992-01-01,35680.0
DE,1993-01-01,36060.0
DE,1994-01-01,35870.0
DE,1995-01-01,34930.0
DE,1996-01-01,39310.0
DE,1997-01-01,43030.0
DE,1998-01-01,41460.0
DE,1999-01-01,46630.0
DE,2000-01-01,50370.0
DE,2001-01-01,49600.0
DE,2002-01-01,49650.0
DE,2003-01-01,49020.0
DE,2004-01-01,48050.0
DE,2005-01-01,51240.0
DE,2006-01-01,52440.0
DE,2007-01-01,54590.0
DE,2008-01-01,50700.0
DE,2009-01-01,52110.0
DE,2010-01-01,55210.0
DE,2011-01-01,54660.0
DE,2012-01-01,48970.0
DE,2013-01-01,54090.0
DE,2014-01-01,57520.0
DE,2015-01-01,57760.0
DE,2016-01-01,58050.0
DE,2017-01-01,64960.0
DE,2018-01-01,65010.0
DE,2019-01-01,74190.0
DE,2020-01-01,70020.0
DE,2021-01-01,68690.0
DE,2022-01-01,80750.0
DE,2023-01-01,86340.0
DE,2024-01-01,85860.0
FL,1984-01-01,19790.0
FL,1985-01-01,21340.0
FL,1986-01-01,22850.0
FL,1987-01-01,24490.0
FL,1988-01-01,25410.0
FL,1989-01-01,26090.0
FL,1990-01-01,26690.0
FL,1991-01-01,27250.0
FL,1992-01-01,27350.0
FL,1993-01-01,28550.0
FL,1994-01-01,29290.0
FL,1995-01-01,29750.0
FL,1996-01-01,30640.0
FL,1997-01-01,32460.0
FL,1998-01-01,34910.0
FL,1999-01-01,35830.0
FL,2000-01-01,38860.0
FL,2001-01-01,36420.0
FL,2002-01-01,38020.0
FL,2003-01-01,38970.0
FL,2004-01-01,40540.0
FL,2005-01-01,42990.0
FL,2006-01-01,45680.0
FL,2007-01-01,45790.0
FL,2008-01-01,44860.0
FL,2009-01-01,45630.0
FL,2010-01-01,44070.0
FL,2011-01-01,45110.0
FL,2012-01-01,46070.0
FL,2013-01-01,48530.0
FL,2014-01-01,46140.0
FL,2015-01-01,48830.0
FL,2016-01-01,51180.0
FL,2017-01-01,53090.0
FL,2018-01-01,54640.0
FL,2019-01-01,58370.0
FL,2020-01-01,57760.0
FL,2021-01-01,59730.0
FL,2022-01-01,65370.0
FL,2023-01-01,72200.0
FL,2024-01-01,75630.0
GA,1984-01-01,19980.0
GA,1985-01-01,21050.0
GA,1986-01-01,24370.0
GA,1987-01-01,26710.0
GA,1988-01-01,26570.0
GA,1989-01-01,27540.0
GA,1990-01-01,27560.0
GA,1991-01-01,27210.0
GA,1992-01-01,28800.0
GA,1993-01-01,31660.0
GA,1994-01-01,31470.0
GA,1995-01-01,34100.0
GA,1996-01-01,32500.0
GA,1997-01-01,36660.0
GA,1998-01-01,38670.0
GA,1999-01-01,39430.0
GA,2000-01-01,41900.0
GA,2001-01-01,42580.0
GA,2002-01-01,42940.0
GA,2003-01-01,42440.0
GA,2004-01-01,40980.0
GA,2005-01-01,45930.0
GA,2006-01-01,49340.0
GA,2007-01-01,48640.0
GA,2008-01-01,46230.0
GA,2009-01-01,43340.0
GA,2010-01-01,44120.0
GA,2011-01-01,45970.0
GA,2012-01-01,48120.0
GA,2013-01-01,46990.0
GA,2014-01-01,49560.0
GA,2015-01-01,50770.0
GA,2016-01-01,53530.0
GA,2017-01-01,57990.0
GA,2018-01-01,55820.0
GA,2019-01-01,56630.0
GA,2020-01-01,59270.0
GA,2021-01-01,61500.0
GA,2022-01-01,67730.0
GA,2023-01-01,72420.0
GA,2024-01-01,81210.0
HI,1984-01-01,28880.0
HI,1985-01-01,28960.0
HI,1986-01-01,29000.0
HI,1987-01-01,35020.0
HI,1988-01-01,33020.0
HI,1989-01-01,35040.0
HI,1990-01-01,38920.0
HI,1991-01-01,37250.0
HI,1992-01-01,42110.0
HI,1993-01-01,42660.0
HI,1994-01-01,42260.0
HI,1995-01-01,42850.0
HI,1996-01-01,41770.0
HI,1997-01-01,40930.0
HI,1998-01-01,40830.0
HI,1999-01-01,44500.0
HI,2000-01-01,51550.0
HI,2001-01-01,47440.0
HI,2002-01-01,47300.0
HI,2003-01-01,51830.0
HI,2004-01-01,56240.0
HI,2005-01-01,59590.0
HI,2006-01-01,60470.0
HI,2007-01-01,64020.0
HI,2008-01-01,61520.0
HI,2009-01-01,55650.0
HI,2010-01-01,59540.0
HI,2011-01-01,59050.0
HI,2012-01-01,56260.0
HI,2013-01-01,64240.0
HI,2014-01-01,71220.0
HI,2015-01-01,64510.0
HI,2016-01-01,72130.0
HI,2017-01-01,73600.0
HI,2018-01-01,80110.0
HI,2019-01-01,88010.0
HI,2020-01-01,80830.0
HI,2021-01-01,82200.0
HI,2022-01-01,91010.0
HI,2023-01-01,97360.0
HI,2024-01-01,98240.0
ID,1984-01-01,21090.0
ID,1985-01-01,20760.0
ID,1986-01-01,20750.0
ID,1987-01-01,20760.0
ID,1988-01-01,23450.0
ID,1989-01-01,24650.0
ID,1990-01-01,25310.0
ID,1991-01-01,26120.0
ID,1992-01-01,27700.0
ID,1993-01-01,31010.0
ID,1994-01-01,31540.0
ID,1995-01-01,32680.0
ID,1996-01-01,34710.0
ID,1997-01-01,33400.0
ID,1998-01-01,36680.0
ID,1999-01-01,35800.0
ID,2000-01-01,37610.0
ID,2001-01-01,38240.0
ID,2002-01-01,37720.0
ID,2003-01-01,42370.0
ID,2004-01-01,44360.0
ID,2005-01-01,44180.0
ID,2006-01-01,46210.0
ID,2007-01-01,49180.0
ID,2008-01-01,47420.0
ID,2009-01-01,46780.0
ID,2010-01-01,47050.0
ID,2011-01-01,47460.0
ID,2012-01-01,47920.0
ID,2013-01-01,48470.0
ID,2014-01-01,53440.0
ID,2015-01-01,51620.0
ID,2016-01-01,56560.0
ID,2017-01-01,59500.0
ID,2018-01-01,58730.0
ID,2019-01-01,65990.0
ID,2020-01-01,66730.0
ID,2021-01-01,76920.0
ID,2022-01-01,72580.0
ID,2023-01-01,73910.0
ID,2024-01-01,81650.0
IL,1984-01-01,23750.0
IL,1985-01-01,24870.0
IL,1986-01-01,26510.0
IL,1987-01-01,27080.0
IL,1988-01-01,29520.0
IL,1989-01-01,31300.0
IL,1990-01-01,32540.0
IL,1991-01-01,31880.0
IL,1992-01-01,31550.0
IL,1993-01-01,32860.0
IL,1994-01-01,35080.0
IL,1995-01-01,38070.0
IL,1996-01-01,39550.0
IL,1997-01-01,41280.0
IL,1998-01-01,43180.0
IL,1999-01-01,46330.0
IL,2000-01-01,46060.0
IL,2001-01-01,46170.0
IL,2002-01-01,42710.0
IL,2003-01-01,45150.0
IL,2004-01-01,46080.0
IL,2005-01-01,48400.0
IL,2006-01-01,48670.0
IL,2007-01-01,52510.0
IL,2008-01-01,53250.0
IL,2009-01-01,52870.0
IL,2010-01-01,50730.0
IL,2011-01-01,50640.0
IL,2012-01-01,51740.0
IL,2013-01-01,53940.0
IL,2014-01-01,54920.0
IL,2015-01-01,60410.0
IL,2016-01-01,61390.0
IL,2017-01-01,65970.0
IL,2018-01-01,70150.0
IL,2019-01-01,74400.0
IL,2020-01-01,74330.0
IL,2021-01-01,79250.0
IL,2022-01-01,78020.0
IL,2023-01-01,87820.0
IL,2024-01-01,84210.0
IN,1984-01-01,22770.0
IN,1985-01-01,22680.0
IN,1986-01-01,22730.0
IN,1987-01-01,22520.0
IN,1988-01-01,26290.0
IN,1989-01-01,25900.0
IN,1990-01-01,26930.0
IN,1991-01-01,27090.0
IN,1992-01-01,28530.0
IN,1993-01-01,29480.0
IN,1994-01-01,27860.0
IN,1995-01-01,33390.0
IN,1996-01-01,35150.0
IN,1997-01-01,38890.0
IN,1998-01-01,39730.0
IN,1999-01-01,40840.0
IN,2000-01-01,40870.0
IN,2001-01-01,40380.0
IN,2002-01-01,41050.0
IN,2003-01-01,42430.0
IN,2004-01-01,42330.0
IN,2005-01-01,42440.0
IN,2006-01-01,45410.0
IN,2007-01-01,47450.0
IN,2008-01-01,46520.0
IN,2009-01-01,44310.0
IN,2010-01-01,46140.0
IN,2011-01-01,44450.0
IN,2012-01-01,46160.0
IN,2013-01-01,49460.0
IN,2014-01-01,48060.0
IN,2015-01-01,51980.0
IN,2016-01-01,56090.0
IN,2017-01-01,58770.0
IN,2018-01-01,59890.0
IN,2019-01-01,66690.0
IN,2020-01-01,66810.0
IN,2021-01-01,70190.0
IN,2022-01-01,70030.0
IN,2023-01-01,76910.0
IN,2024-01-01,76710.0
IA,1984-01-01,19860.0
IA,1985-01-01,20930.0
IA,1986-01-01,22460.0
IA,1987-01-01,22190.0
IA,1988-01-01,24310.0
IA,1989-01-01,26270.0
IA,1990-01-01,27290.0
IA,1991-01-01,28550.0
IA,1992-01-01,28740.0
IA,1993-01-01,28660.0
IA,1994-01-01,33080.0
IA,1995-01-01,35520.0
IA,1996-01-01,33210.0
IA,1997-01-01,33780.0
IA,1998-01-01,37020.0
IA,1999-01-01,41100.0
IA,2000-01-01,40990.0
IA,2001-01-01,40980.0
IA,2002-01-01,41050.0
IA,2003-01-01,41380.0
IA,2004-01-01,43390.0
IA,2005-01-01,46500.0
IA,2006-01-01,48130.0
IA,2007-01-01,48910.0
IA,2008-01-01,50140.0
IA,2009-01-01,50720.0
IA,2010-01-01,49020.0
IA,2011-01-01,50220.0
IA,2012-01-01,53440.0
IA,2013-01-01,60160.0
IA,2014-01-01,57810.0
IA,2015-01-01,60860.0
IA,2016-01-01,59090.0
IA,2017-01-01,63470.0
IA,2018-01-01,68720.0
IA,2019-01-01,66050.0
IA,2020-01-01,68820.0
IA,2021-01-01,72430.0
IA,2022-01-01,76320.0
IA,2023-01-01,80860.0
IA,2024-01-01,85480.0
KS,1984-01-01,24630.0
KS,1985-01-01,22790.0
KS,1986-01-01,23930.0
KS,1987-01-01,25580.0
KS,1988-01-01,25570.0
KS,1989-01-01,26860.0
KS,1990-01-01,29920.0
KS,1991-01-01,29300.0
KS,1992-01-01,30350.0
KS,1993-01-01,29770.0
KS,1994-01-01,28320.0
KS,1995-01-01,30340.0
KS,1996-01-01,32590.0
KS,1997-01-01,36470.0
KS,1998-01-01,36710.0
KS,1999-01-01,37350.0
KS,2000-01-01,41060.0
KS,2001-01-01,41420.0
KS,2002-01-01,42620.0
KS,2003-01-01,44230.0
KS,2004-01-01,41070.0
KS,2005-01-01,42030.0
KS,2006-01-01,45550.0
KS,2007-01-01,48500.0
KS,2008-01-01,47880.0
KS,2009-01-01,44720.0
KS,2010-01-01,46050.0
KS,2011-01-01,46150.0
KS,2012-01-01,50000.0
KS,2013-01-01,47820.0
KS,2014-01-01,53440.0
KS,2015-01-01,54870.0
KS,2016-01-01,56810.0
KS,2017-01-01,56900.0
KS,2018-01-01,63940.0
KS,2019-01-01,73150.0
KS,2020-01-01,73080.0
KS,2021-01-01,75980.0
KS,2022-01-01,73040.0
KS,2023-01-01,84830.0
KS,2024-01-01,87690.0
KY,1984-01-01,17680.0
KY,1985-01-01,17360.0
KY,1986-01-01,19870.0
KY,1987-01-01,20670.0
KY,1988-01-01,19910.0
KY,1989-01-01,23280.0
KY,1990-01-01,24780.0
KY,1991-01-01,23760.0
KY,1992-01-01,23490.0
KY,1993-01-01,24380.0
KY,1994-01-01,26600.0
KY,1995-01-01,29810.0
KY,1996-01-01,32410.0
KY,1997-01-01,33450.0
KY,1998-01-01,36250.0
KY,1999-01-01,33740.0
KY,2000-01-01,36270.0
KY,2001-01-01,38440.0
KY,2002-01-01,36760.0
KY,2003-01-01,36940.0
KY,2004-01-01,35610.0
KY,2005-01-01,36700.0
KY,2006-01-01,39490.0
KY,2007-01-01,39450.0
KY,2008-01-01,41150.0
KY,2009-01-01,42660.0
KY,2010-01-01,41100.0
KY,2011-01-01,39860.0
KY,2012-01-01,41090.0
KY,2013-01-01,44880.0
KY,2014-01-01,42790.0
KY,2015-01-01,42390.0
KY,2016-01-01,45370.0
KY,2017-01-01,49670.0
KY,2018-01-01,54560.0
KY,2019-01-01,55660.0
KY,2020-01-01,56760.0
KY,2021-01-01,55630.0
KY,2022-01-01,55870.0
KY,2023-01-01,61980.0
KY,2024-01-01,64790.0
LA,1984-01-01,18950.0
LA,1985-01-01,21180.0
LA,1986-01-01,20890.0
LA,1987-01-01,21350.0
LA,1988-01-01,20500.0
LA,1989-01-01,22860.0
LA,1990-01-01,22410.0
LA,1991-01-01,25300.0
LA,1992-01-01,25440.0
LA,1993-01-01,26310.0
LA,1994-01-01,25680.0
LA,1995-01-01,27950.0
LA,1996-01-01,30260.0
LA,1997-01-01,33260.0
LA,1998-01-01,31740.0
LA,1999-01-01,32650.0
LA,2000-01-01,30720.0
LA,2001-01-01,33320.0
LA,2002-01-01,34010.0
LA,2003-01-01,33510.0
LA,2004-01-01,36430.0
LA,2005-01-01,37240.0
LA,2006-01-01,36490.0
LA,2007-01-01,41310.0
LA,2008-01-01,39560.0
LA,2009-01-01,45430.0
LA,2010-01-01,39300.0
LA,2011-01-01,40660.0
LA,2012-01-01,39090.0
LA,2013-01-01,46430.0
LA,2014-01-01,42410.0
LA,2015-01-01,45920.0
LA,2016-01-01,42200.0
LA,2017-01-01,43570.0
LA,2018-01-01,49970.0
LA,2019-01-01,51710.0
LA,2020-01-01,51190.0
LA,2021-01-01,57210.0
LA,2022-01-01,58320.0
LA,2023-01-01,57650.0
LA,2024-01-01,60740.0
ME,1984-01-01,20650.0
ME,1985-01-01,20520.0
ME,1986-01-01,23420.0
ME,1987-01-01,23600.0
ME,1988-01-01,26400.0
ME,1989-01-01,28220.0
ME,1990-01-01,27460.0
ME,1991-01-01,27870.0
ME,1992-01-01,29620.0
ME,1993-01-01,27440.0
ME,1994-01-01,30320.0
ME,1995-01-01,33860.0
ME,1996-01-01,34700.0
ME,1997-01-01,32770.0
ME,1998-01-01,35640.0
ME,1999-01-01,38860.0
ME,2000-01-01,37270.0
ME,2001-01-01,36610.0
ME,2002-01-01,36850.0
ME,2003-01-01,37110.0
ME,2004-01-01,41330.0
ME,2005-01-01,43920.0
ME,2006-01-01,45640.0
ME,2007-01-01,47890.0
ME,2008-01-01,47230.0
ME,2009-01-01,47500.0
ME,2010-01-01,47930.0
ME,2011-01-01,49690.0
ME,2012-01-01,49160.0
ME,2013-01-01,54960.0
ME,2014-01-01,51710.0
ME,2015-01-01,50760.0
ME,2016-01-01,50860.0
ME,2017-01-01,53320.0
ME,2018-01-01,58660.0
ME,2019-01-01,66550.0
ME,2020-01-01,63690.0
ME,2021-01-01,71140.0
ME,2022-01-01,75160.0
ME,2023-01-01,75740.0
ME,2024-01-01,90730.0
MD,1984-01-01,29710.0
MD,1985-01-01,30140.0
MD,1986-01-01,30600.0
MD,1987-01-01,34970.0
MD,1988-01-01,36550.0
MD,1989-01-01,36020.0
MD,1990-01-01,38860.0
MD,1991-01-01,36950.0
MD,1992-01-01,37200.0
MD,1993-01-01,39940.0
MD,1994-01-01,39200.0
MD,1995-01-01,41040.0
MD,1996-01-01,43990.0
MD,1997-01-01,46690.0
MD,1998-01-01,50020.0
MD,1999-01-01,52210.0
MD,2000-01-01,54540.0
MD,2001-01-01,53530.0
MD,2002-01-01,56410.0
MD,2003-01-01,52310.0
MD,2004-01-01,57100.0
MD,2005-01-01,60510.0
MD,2006-01-01,63670.0
MD,2007-01-01,65630.0
MD,2008-01-01,63710.0
MD,2009-01-01,64190.0
MD,2010-01-01,64200.0
MD,2011-01-01,68880.0
MD,2012-01-01,71840.0
MD,2013-01-01,69350.0
MD,2014-01-01,76170.0
MD,2015-01-01,73590.0
MD,2016-01-01,73760.0
MD,2017-01-01,82090.0
MD,2018-01-01,86220.0
MD,2019-01-01,95570.0
MD,2020-01-01,94790.0
MD,2021-01-01,97330.0
MD,2022-01-01,108200.0
MD,2023-01-01,102000.0
MD,2024-01-01,109700.0
MA,1984-01-01,26960.0
MA,1985-01-01,28210.0
MA,1986-01-01,30340.0
MA,1987-01-01,32240.0
MA,1988-01-01,33210.0
MA,1989-01-01,36090.0
MA,1990-01-01,36250.0
MA,1991-01-01,35710.0
MA,1992-01-01,36360.0
MA,1993-01-01,37060.0
MA,1994-01-01,40500.0
MA,1995-01-01,38570.0
MA,1996-01-01,39490.0
MA,1997-01-01,42020.0
MA,1998-01-01,42350.0
MA,1999-01-01,44010.0
MA,2000-01-01,46750.0
MA,2001-01-01,52250.0
MA,2002-01-01,49860.0
MA,2003-01-01,50960.0
MA,2004-01-01,52020.0
MA,2005-01-01,56020.0
MA,2006-01-01,55330.0
MA,2007-01-01,58460.0
MA,2008-01-01,60320.0
MA,2009-01-01,59370.0
MA,2010-01-01,60930.0
MA,2011-01-01,63310.0
MA,2012-01-01,63660.0
MA,2013-01-01,62530.0
MA,2014-01-01,63150.0
MA,2015-01-01,67860.0
MA,2016-01-01,72270.0
MA,2017-01-01,76240.0
MA,2018-01-01,86350.0
MA,2019-01-01,87710.0
MA,2020-01-01,87810.0
MA,2021-01-01,86570.0
MA,2022-01-01,93550.0
MA,2023-01-01,106500.0
MA,2024-01-01,113900.0
MI,1984-01-01,22970.0
MI,1985-01-01,24240.0
MI,1986-01-01,26610.0
MI,1987-01-01,27700.0
MI,1988-01-01,29470.0
MI,1989-01-01,30780.0
MI,1990-01-01,29940.0
MI,1991-01-01,32120.0
MI,1992-01-01,32270.0
MI,1993-01-01,32660.0
MI,1994-01-01,35280.0
MI,1995-01-01,36430.0
MI,1996-01-01,39230.0
MI,1997-01-01,38740.0
MI,1998-01-01,41820.0
MI,1999-01-01,46090.0
MI,2000-01-01,45510.0
MI,2001-01-01,45050.0
MI,2002-01-01,42720.0
MI,2003-01-01,45020.0
MI,2004-01-01,42260.0
MI,2005-01-01,45930.0
MI,2006-01-01,48650.0
MI,2007-01-01,49370.0
MI,2008-01-01,49790.0
MI,2009-01-01,45990.0
MI,2010-01-01,46280.0
MI,2011-01-01,48880.0
MI,2012-01-01,50020.0
MI,2013-01-01,56570.0
MI,2014-01-01,52010.0
MI,2015-01-01,54200.0
MI,2016-01-01,57090.0
MI,2017-01-01,56410.0
MI,2018-01-01,60450.0
MI,2019-01-01,64120.0
MI,2020-01-01,64390.0
MI,2021-01-01,64490.0
MI,2022-01-01,68990.0
MI,2023-01-01,76960.0
MI,2024-01-01,79460.0
MN,1984-01-01,24440.0
MN,1985-01-01,23860.0
MN,1986-01-01,26440.0
MN,1987-01-01,28080.0
MN,1988-01-01,29090.0
MN,1989-01-01,30190.0
MN,1990-01-01,31470.0
MN,1991-01-01,29480.0
MN,1992-01-01,30980.0
MN,1993-01-01,33680.0
MN,1994-01-01,33640.0
MN,1995-01-01,37930.0
MN,1996-01-01,40990.0
MN,1997-01-01,42560.0
MN,1998-01-01,47930.0
MN,1999-01-01,47040.0
MN,2000-01-01,54250.0
MN,2001-01-01,52680.0
MN,2002-01-01,54620.0
MN,2003-01-01,52820.0
MN,2004-01-01,56100.0
MN,2005-01-01,54220.0
MN,2006-01-01,56210.0
MN,2007-01-01,58060.0
MN,2008-01-01,54930.0
MN,2009-01-01,56090.0
MN,2010-01-01,52320.0
MN,2011-01-01,57820.0
MN,2012-01-01,61800.0
MN,2013-01-01,64320.0
MN,2014-01-01,67240.0
MN,2015-01-01,68730.0
MN,2016-01-01,70220.0
MN,2017-01-01,69980.0
MN,2018-01-01,71820.0
MN,2019-01-01,81430.0
MN,2020-01-01,78750.0
MN,2021-01-01,80440.0
MN,2022-01-01,90390.0
MN,2023-01-01,90340.0
MN,2024-01-01,92350.0
MS,1984-01-01,15430.0
MS,1985-01-01,16410.0
MS,1986-01-01,16510.0
MS,1987-01-01,18510.0
MS,1988-01-01,18170.0
MS,1989-01-01,19920.0
MS,1990-01-01,20180.0
MS,1991-01-01,19480.0
MS,1992-01-01,20570.0
MS,1993-01-01,22190.0
MS,1994-01-01,25400.0
MS,1995-01-01,26540.0
MS,1996-01-01,26680.0
MS,1997-01-01,28500.0
MS,1998-01-01,29120.0
MS,1999-01-01,32480.0
MS,2000-01-01,34300.0
MS,2001-01-01,30160.0
MS,2002-01-01,30880.0
MS,2003-01-01,32730.0
MS,2004-01-01,34760.0
MS,2005-01-01,32880.0
MS,2006-01-01,34730.0
MS,2007-01-01,37280.0
MS,2008-01-01,36450.0
MS,2009-01-01,35080.0
MS,2010-01-01,38160.0
MS,2011-01-01,41090.0
MS,2012-01-01,36640.0
MS,2013-01-01,32340.0
MS,2014-01-01,35520.0
MS,2015-01-01,40040.0
MS,2016-01-01,41100.0
MS,2017-01-01,43280.0
MS,2018-01-01,42780.0
MS,2019-01-01,44790.0
MS,2020-01-01,45130.0
MS,2021-01-01,46640.0
MS,2022-01-01,48610.0
MS,2023-01-01,55060.0
MS,2024-01-01,55980.0
MO,1984-01-01,20780.0
MO,1985-01-01,21940.0
MO,1986-01-01,21930.0
MO,1987-01-01,23720.0
MO,1988-01-01,23440.0
MO,1989-01-01,26500.0
MO,1990-01-01,27330.0
MO,1991-01-01,27930.0
MO,1992-01-01,27360.0
MO,1993-01-01,28680.0
MO,1994-01-01,30190.0
MO,1995-01-01,34830.0
MO,1996-01-01,34270.0
MO,1997-01-01,36550.0
MO,1998-01-01,40200.0
MO,1999-01-01,41380.0
MO,2000-01-01,45100.0
MO,2001-01-01,41340.0
MO,2002-01-01,42780.0
MO,2003-01-01,43760.0
MO,2004-01-01,42140.0
MO,2005-01-01,42990.0
MO,2006-01-01,44580.0
MO,2007-01-01,46010.0
MO,2008-01-01,46040.0
MO,2009-01-01,48770.0
MO,2010-01-01,45820.0
MO,2011-01-01,45770.0
MO,2012-01-01,49760.0
MO,2013-01-01,46300.0
MO,2014-01-01,56630.0
MO,2015-01-01,59200.0
MO,2016-01-01,55020.0
MO,2017-01-01,56530.0
MO,2018-01-01,61730.0
MO,2019-01-01,60600.0
MO,2020-01-01,62180.0
MO,2021-01-01,63590.0
MO,2022-01-01,71520.0
MO,2023-01-01,78290.0
MO,2024-01-01,78390.0
MT,1984-01-01,19540.0
MT,1985-01-01,20240.0
MT,1986-01-01,20330.0
MT,1987-01-01,20470.0
MT,1988-01-01,22230.0
MT,1989-01-01,23690.0
MT,1990-01-01,23380.0
MT,1991-01-01,24830.0
MT,1992-01-01,26530.0
MT,1993-01-01,26470.0
MT,1994-01-01,27630.0
MT,1995-01-01,27760.0
MT,1996-01-01,28680.0
MT,1997-01-01,29210.0
MT,1998-01-01,31580.0
MT,1999-01-01,31040.0
MT,2000-01-01,32780.0
MT,2001-01-01,32130.0
MT,2002-01-01,34840.0
MT,2003-01-01,34110.0
MT,2004-01-01,33960.0
MT,2005-01-01,37310.0
MT,2006-01-01,41110.0
MT,2007-01-01,43660.0
MT,2008-01-01,42900.0
MT,2009-01-01,40440.0
MT,2010-01-01,41280.0
MT,2011-01-01,40280.0
MT,2012-01-01,45090.0
MT,2013-01-01,43200.0
MT,2014-01-01,51100.0
MT,2015-01-01,51400.0
MT,2016-01-01,57080.0
MT,2017-01-01,57410.0
MT,2018-01-01,57680.0
MT,2019-01-01,60190.0
MT,2020-01-01,56740.0
MT,2021-01-01,65000.0
MT,2022-01-01,72970.0
MT,2023-01-01,79220.0
MT,2024-01-01,81920.0
NE,1984-01-01,21400.0
NE,1985-01-01,21800.0
NE,1986-01-01,21770.0
NE,1987-01-01,23270.0
NE,1988-01-01,25160.0
NE,1989-01-01,26320.0
NE,1990-01-01,27480.0
NE,1991-01-01,29550.0
NE,1992-01-01,30050.0
NE,1993-01-01,31010.0
NE,1994-01-01,31790.0
NE,1995-01-01,32930.0
NE,1996-01-01,34010.0
NE,1997-01-01,34690.0
NE,1998-01-01,36410.0
NE,1999-01-01,38630.0
NE,2000-01-01,41750.0
NE,2001-01-01,43610.0
NE,2002-01-01,42800.0
NE,2003-01-01,43970.0
NE,2004-01-01,43790.0
NE,2005-01-01,47920.0
NE,2006-01-01,48150.0
NE,2007-01-01,49170.0
NE,2008-01-01,50730.0
NE,2009-01-01,49600.0
NE,2010-01-01,52500.0
NE,2011-01-01,55620.0
NE,2012-01-01,52200.0
NE,2013-01-01,57620.0
NE,2014-01-01,56870.0
NE,2015-01-01,60470.0
NE,2016-01-01,59370.0
NE,2017-01-01,59580.0
NE,2018-01-01,67580.0
NE,2019-01-01,73070.0
NE,2020-01-01,72250.0
NE,2021-01-01,78110.0
NE,2022-01-01,78360.0
NE,2023-01-01,89190.0
NE,2024-01-01,86140.0
NV,1984-01-01,25780.0
NV,1985-01-01,23270.0
NV,1986-01-01,26220.0
NV,1987-01-01,26880.0
NV,1988-01-01,27980.0
NV,1989-01-01,29340.0
NV,1990-01-01,32020.0
NV,1991-01-01,32940.0
NV,1992-01-01,31910.0
NV,1993-01-01,35810.0
NV,1994-01-01,35870.0
NV,1995-01-01,36080.0
NV,1996-01-01,38540.0
NV,1997-01-01,38850.0
NV,1998-01-01,39760.0
NV,1999-01-01,41460.0
NV,2000-01-01,45760.0
NV,2001-01-01,45400.0
NV,2002-01-01,44960.0
NV,2003-01-01,45180.0
NV,2004-01-01,47200.0
NV,2005-01-01,48210.0
NV,2006-01-01,52280.0
NV,2007-01-01,54060.0
NV,2008-01-01,54740.0
NV,2009-01-01,51430.0
NV,2010-01-01,51200.0
NV,2011-01-01,47040.0
NV,2012-01-01,47330.0
NV,2013-01-01,51850.0
NV,2014-01-01,49880.0
NV,2015-01-01,52010.0
NV,2016-01-01,55430.0
NV,2017-01-01,58040.0
NV,2018-01-01,61860.0
NV,2019-01-01,70910.0
NV,2020-01-01,61160.0
NV,2021-01-01,64340.0
NV,2022-01-01,72330.0
NV,2023-01-01,81310.0
NV,2024-01-01,80590.0
NH,1984-01-01,25910.0
NH,1985-01-01,26400.0
NH,1986-01-01,30550.0
NH,1987-01-01,32340.0
NH,1988-01-01,34630.0
NH,1989-01-01,37530.0
NH,1990-01-01,40810.0
NH,1991-01-01,36030.0
NH,1992-01-01,39440.0
NH,1993-01-01,37960.0
NH,1994-01-01,35250.0
NH,1995-01-01,39170.0
NH,1996-01-01,39410.0
NH,1997-01-01,41000.0
NH,1998-01-01,44960.0
NH,1999-01-01,46060.0
NH,2000-01-01,50930.0
NH,2001-01-01,51330.0
NH,2002-01-01,55320.0
NH,2003-01-01,55570.0
NH,2004-01-01,56820.0
NH,2005-01-01,56980.0
NH,2006-01-01,61970.0
NH,2007-01-01,67580.0
NH,2008-01-01,66180.0
NH,2009-01-01,64130.0
NH,2010-01-01,66630.0
NH,2011-01-01,65880.0
NH,2012-01-01,67820.0
NH,2013-01-01,69100.0
NH,2014-01-01,73400.0
NH,2015-01-01,75680.0
NH,2016-01-01,76260.0
NH,2017-01-01,75630.0
NH,2018-01-01,81350.0
NH,2019-01-01,86900.0
NH,2020-01-01,88890.0
NH,2021-01-01,88840.0
NH,2022-01-01,84970.0
NH,2023-01-01,98780.0
NH,2024-01-01,111800.0
NJ,1984-01-01,27780.0
NJ,1985-01-01,30980.0
NJ,1986-01-01,31720.0
NJ,1987-01-01,34240.0
NJ,1988-01-01,36290.0
NJ,1989-01-01,39120.0
NJ,1990-01-01,38730.0
NJ,1991-01-01,40050.0
NJ,1992-01-01,39000.0
NJ,1993-01-01,40500.0
NJ,1994-01-01,42280.0
NJ,1995-01-01,43920.0
NJ,1996-01-01,47470.0
NJ,1997-01-01,48020.0
NJ,1998-01-01,49830.0
NJ,1999-01-01,49730.0
NJ,2000-01-01,50410.0
NJ,2001-01-01,51770.0
NJ,2002-01-01,54570.0
NJ,2003-01-01,56050.0
NJ,2004-01-01,55280.0
NJ,2005-01-01,63370.0
NJ,2006-01-01,68060.0
NJ,2007-01-01,60510.0
NJ,2008-01-01,65310.0
NJ,2009-01-01,64780.0
NJ,2010-01-01,62970.0
NJ,2011-01-01,62340.0
NJ,2012-01-01,66690.0
NJ,2013-01-01,63750.0
NJ,2014-01-01,65240.0
NJ,2015-01-01,68360.0
NJ,2016-01-01,68470.0
NJ,2017-01-01,71240.0
NJ,2018-01-01,74180.0
NJ,2019-01-01,87730.0
NJ,2020-01-01,85550.0
NJ,2021-01-01,88560.0
NJ,2022-01-01,92340.0
NJ,2023-01-01,91590.0
NJ,2024-01-01,103500.0
NM,1984-01-01,20630.0
NM,1985-01-01,20420.0
NM,1986-01-01,19850.0
NM,1987-01-01,20760.0
NM,1988-01-01,19300.0
NM,1989-01-01,22600.0
NM,1990-01-01,25040.0
NM,1991-01-01,26540.0
NM,1992-01-01,25860.0
NM,1993-01-01,26760.0
NM,1994-01-01,26910.0
NM,1995-01-01,25990.0
NM,1996-01-01,25090.0
NM,1997-01-01,30090.0
NM,1998-01-01,31540.0
NM,1999-01-01,32570.0
NM,2000-01-01,35090.0
NM,2001-01-01,33120.0
NM,2002-01-01,35460.0
NM,2003-01-01,35110.0
NM,2004-01-01,39560.0
NM,2005-01-01,38950.0
NM,2006-01-01,40030.0
NM,2007-01-01,44360.0
NM,2008-01-01,42100.0
NM,2009-01-01,43540.0
NM,2010-01-01,45130.0
NM,2011-01-01,41980.0
NM,2012-01-01,43420.0
NM,2013-01-01,40170.0
NM,2014-01-01,46690.0
NM,2015-01-01,45120.0
NM,2016-01-01,48450.0
NM,2017-01-01,45600.0
NM,2018-01-01,48280.0
NM,2019-01-01,53110.0
NM,2020-01-01,50910.0
NM,2021-01-01,53460.0
NM,2022-01-01,56420.0
NM,2023-01-01,60980.0
NM,2024-01-01,64140.0
NY,1984-01-01,22030.0
NY,1985-01-01,23640.0
NY,1986-01-01,25030.0
NY,1987-01-01,26380.0
NY,1988-01-01,28920.0
NY,1989-01-01,31500.0
NY,1990-01-01,31590.0
NY,1991-01-01,31790.0
NY,1992-01-01,31050.0
NY,1993-01-01,31700.0
NY,1994-01-01,31900.0
NY,1995-01-01,33030.0
NY,1996-01-01,35410.0
NY,1997-01-01,35800.0
NY,1998-01-01,37390.0
NY,1999-01-01,39990.0
NY,2000-01-01,40740.0
NY,2001-01-01,42110.0
NY,2002-01-01,41970.0
NY,2003-01-01,42790.0
NY,2004-01-01,44650.0
NY,2005-01-01,47180.0
NY,2006-01-01,48220.0
NY,2007-01-01,48940.0
NY,2008-01-01,50460.0
NY,2009-01-01,50220.0
NY,2010-01-01,49780.0
NY,2011-01-01,50640.0
NY,2012-01-01,47680.0
NY,2013-01-01,49970.0
NY,2014-01-01,54310.0
NY,2015-01-01,58010.0
NY,2016-01-01,61440.0
NY,2017-01-01,61540.0
NY,2018-01-01,67270.0
NY,2019-01-01,71850.0
NY,2020-01-01,68660.0
NY,2021-01-01,72920.0
NY,2022-01-01,75910.0
NY,2023-01-01,81600.0
NY,2024-01-01,86830.0
NC,1984-01-01,20570.0
NC,1985-01-01,21450.0
NC,1986-01-01,21860.0
NC,1987-01-01,22760.0
NC,1988-01-01,24420.0
NC,1989-01-01,26410.0
NC,1990-01-01,26330.0
NC,1991-01-01,26850.0
NC,1992-01-01,27770.0
NC,1993-01-01,28820.0
NC,1994-01-01,30110.0
NC,1995-01-01,31980.0
NC,1996-01-01,35600.0
NC,1997-01-01,35840.0
NC,1998-01-01,35840.0
NC,1999-01-01,37250.0
NC,2000-01-01,38320.0
NC,2001-01-01,38160.0
NC,2002-01-01,36520.0
NC,2003-01-01,37280.0
NC,2004-01-01,40240.0
NC,2005-01-01,42060.0
NC,2006-01-01,39800.0
NC,2007-01-01,43510.0
NC,2008-01-01,42930.0
NC,2009-01-01,41910.0
NC,2010-01-01,43830.0
NC,2011-01-01,45210.0
NC,2012-01-01,41550.0
NC,2013-01-01,46340.0
NC,2014-01-01,46780.0
NC,2015-01-01,50800.0
NC,2016-01-01,53760.0
NC,2017-01-01,49550.0
NC,2018-01-01,53370.0
NC,2019-01-01,61160.0
NC,2020-01-01,60430.0
NC,2021-01-01,62890.0
NC,2022-01-01,65070.0
NC,2023-01-01,68610.0
NC,2024-01-01,67220.0
ND,1984-01-01,20770.0
ND,1985-01-01,21210.0
ND,1986-01-01,21510.0
ND,1987-01-01,22580.0
ND,1988-01-01,24090.0
ND,1989-01-01,25230.0
ND,1990-01-01,25260.0
ND,1991-01-01,25890.0
ND,1992-01-01,26960.0
ND,1993-01-01,28120.0
ND,1994-01-01,28280.0
ND,1995-01-01,29090.0
ND,1996-01-01,31470.0
ND,1997-01-01,31660.0
ND,1998-01-01,30300.0
ND,1999-01-01,32660.0
ND,2000-01-01,36000.0
ND,2001-01-01,35790.0
ND,2002-01-01,36200.0
ND,2003-01-01,40410.0
ND,2004-01-01,39220.0
ND,2005-01-01,42190.0
ND,2006-01-01,41050.0
ND,2007-01-01,47210.0
ND,2008-01-01,49630.0
ND,2009-01-01,50080.0
ND,2010-01-01,51010.0
ND,2011-01-01,56360.0
ND,2012-01-01,55770.0
ND,2013-01-01,59150.0
ND,2014-01-01,60730.0
ND,2015-01-01,57420.0
ND,2016-01-01,60180.0
ND,2017-01-01,60170.0
ND,2018-01-01,66510.0
ND,2019-01-01,70030.0
ND,2020-01-01,64120.0
ND,2021-01-01,68880.0
ND,2022-01-01,78720.0
ND,2023-01-01,76960.0
ND,2024-01-01,88080.0
OH,1984-01-01,23120.0
OH,1985-01-01,25170.0
OH,1986-01-01,25120.0
OH,1987-01-01,25770.0
OH,1988-01-01,27740.0
OH,1989-01-01,29020.0
OH,1990-01-01,30010.0
OH,1991-01-01,29790.0
OH,1992-01-01,31400.0
OH,1993-01-01,31290.0
OH,1994-01-01,31860.0
OH,1995-01-01,34940.0
OH,1996-01-01,34070.0
OH,1997-01-01,36130.0
OH,1998-01-01,38930.0
OH,1999-01-01,39490.0
OH,2000-01-01,42960.0
OH,2001-01-01,41790.0
OH,2002-01-01,42680.0
OH,2003-01-01,43520.0
OH,2004-01-01,43060.0
OH,2005-01-01,44200.0
OH,2006-01-01,45900.0
OH,2007-01-01,49100.0
OH,2008-01-01,46930.0
OH,2009-01-01,45880.0
OH,2010-01-01,45890.0
OH,2011-01-01,44650.0
OH,2012-01-01,44380.0
OH,2013-01-01,50750.0
OH,2014-01-01,49640.0
OH,2015-01-01,53300.0
OH,2016-01-01,53990.0
OH,2017-01-01,60690.0
OH,2018-01-01,61630.0
OH,2019-01-01,64660.0
OH,2020-01-01,60380.0
OH,2021-01-01,62690.0
OH,2022-01-01,67520.0
OH,2023-01-01,73770.0
OH,2024-01-01,80520.0
OK,1984-01-01,21150.0
OK,1985-01-01,21210.0
OK,1986-01-01,20950.0
OK,1987-01-01,21690.0
OK,1988-01-01,23670.0
OK,1989-01-01,23670.0
OK,1990-01-01,24380.0
OK,1991-01-01,25460.0
OK,1992-01-01,25280.0
OK,1993-01-01,26260.0
OK,1994-01-01,26990.0
OK,1995-01-01,26310.0
OK,1996-01-01,27440.0
OK,1997-01-01,31350.0
OK,1998-01-01,33730.0
OK,1999-01-01,32680.0
OK,2000-01-01,32430.0
OK,2001-01-01,35610.0
OK,2002-01-01,36460.0
OK,2003-01-01,35900.0
OK,2004-01-01,39610.0
OK,2005-01-01,37650.0
OK,2006-01-01,38840.0
OK,2007-01-01,43220.0
OK,2008-01-01,46110.0
OK,2009-01-01,45880.0
OK,2010-01-01,43100.0
OK,2011-01-01,48460.0
OK,2012-01-01,48410.0
OK,2013-01-01,46160.0
OK,2014-01-01,47200.0
OK,2015-01-01,47080.0
OK,2016-01-01,50940.0
OK,2017-01-01,51880.0
OK,2018-01-01,54430.0
OK,2019-01-01,59400.0
OK,2020-01-01,52470.0
OK,2021-01-01,60100.0
OK,2022-01-01,63440.0
OK,2023-01-01,67330.0
OK,2024-01-01,65310.0
OR,1984-01-01,21400.0
OR,1985-01-01,21890.0
OR,1986-01-01,24770.0
OR,1987-01-01,25040.0
OR,1988-01-01,27750.0
OR,1989-01-01,28530.0
OR,1990-01-01,29280.0
OR,1991-01-01,30190.0
OR,1992-01-01,31930.0
OR,1993-01-01,33140.0
OR,1994-01-01,31460.0
OR,1995-01-01,36370.0
OR,1996-01-01,35490.0
OR,1997-01-01,37250.0
OR,1998-01-01,39070.0
OR,1999-01-01,40620.0
OR,2000-01-01,42500.0
OR,2001-01-01,41270.0
OR,2002-01-01,41800.0
OR,2003-01-01,41640.0
OR,2004-01-01,40990.0
OR,2005-01-01,44160.0
OR,2006-01-01,47090.0
OR,2007-01-01,50240.0
OR,2008-01-01,51730.0
OR,2009-01-01,49100.0
OR,2010-01-01,50600.0
OR,2011-01-01,51530.0
OR,2012-01-01,51780.0
OR,2013-01-01,49000.0
OR,2014-01-01,58880.0
OR,2015-01-01,60830.0
OR,2016-01-01,59140.0
OR,2017-01-01,62500.0
OR,2018-01-01,69170.0
OR,2019-01-01,74410.0
OR,2020-01-01,76850.0
OR,2021-01-01,81850.0
OR,2022-01-01,86780.0
OR,2023-01-01,88740.0
OR,2024-01-01,89700.0
PA,1984-01-01,20350.0
PA,1985-01-01,22880.0
PA,1986-01-01,23810.0
PA,1987-01-01,25420.0
PA,1988-01-01,26740.0
PA,1989-01-01,28690.0
PA,1990-01-01,29010.0
PA,1991-01-01,30370.0
PA,1992-01-01,29880.0
PA,1993-01-01,31000.0
PA,1994-01-01,32070.0
PA,1995-01-01,34520.0
PA,1996-01-01,34900.0
PA,1997-01-01,37520.0
PA,1998-01-01,39020.0
PA,1999-01-01,37760.0
PA,2000-01-01,42180.0
PA,2001-01-01,43500.0
PA,2002-01-01,42500.0
PA,2003-01-01,42930.0
PA,2004-01-01,44110.0
PA,2005-01-01,46300.0
PA,2006-01-01,48480.0
PA,2007-01-01,48440.0
PA,2008-01-01,51400.0
PA,2009-01-01,48170.0
PA,2010-01-01,48310.0
PA,2011-01-01,49910.0
PA,2012-01-01,51900.0
PA,2013-01-01,55160.0
PA,2014-01-01,55170.0
PA,2015-01-01,60390.0
PA,2016-01-01,60980.0
PA,2017-01-01,61290.0
PA,2018-01-01,64520.0
PA,2019-01-01,70580.0
PA,2020-01-01,70790.0
PA,2021-01-01,72630.0
PA,2022-01-01,72210.0
PA,2023-01-01,79820.0
PA,2024-01-01,80060.0
RI,1984-01-01,21610.0
RI,1985-01-01,24630.0
RI,1986-01-01,26540.0
RI,1987-01-01,28290.0
RI,1988-01-01,29840.0
RI,1989-01-01,30120.0
RI,1990-01-01,31970.0
RI,1991-01-01,30840.0
RI,1992-01-01,30430.0
RI,1993-01-01,33510.0
RI,1994-01-01,31930.0
RI,1995-01-01,35360.0
RI,1996-01-01,36990.0
RI,1997-01-01,34800.0
RI,1998-01-01,40690.0
RI,1999-01-01,42720.0
RI,2000-01-01,42200.0
RI,2001-01-01,45720.0
RI,2002-01-01,42420.0
RI,2003-01-01,44710.0
RI,2004-01-01,47940.0
RI,2005-01-01,49480.0
RI,2006-01-01,53740.0
RI,2007-01-01,54210.0
RI,2008-01-01,53240.0
RI,2009-01-01,51630.0
RI,2010-01-01,51620.0
RI,2011-01-01,49030.0
RI,2012-01-01,56070.0
RI,2013-01-01,56320.0
RI,2014-01-01,58630.0
RI,2015-01-01,55700.0
RI,2016-01-01,61530.0
RI,2017-01-01,65400.0
RI,2018-01-01,62270.0
RI,2019-01-01,70150.0
RI,2020-01-01,80170.0
RI,2021-01-01,74980.0
RI,2022-01-01,80650.0
RI,2023-01-01,81860.0
RI,2024-01-01,92290.0
SC,1984-01-01,20310.0
SC,1985-01-01,20040.0
SC,1986-01-01,21970.0
SC,1987-01-01,25050.0
SC,1988-01-01,25530.0
SC,1989-01-01,23800.0
SC,1990-01-01,28740.0
SC,1991-01-01,27460.0
SC,1992-01-01,27580.0
SC,1993-01-01,26050.0
SC,1994-01-01,29850.0
SC,1995-01-01,29070.0
SC,1996-01-01,34670.0
SC,1997-01-01,34260.0
SC,1998-01-01,33270.0
SC,1999-01-01,36460.0
SC,2000-01-01,37570.0
SC,2001-01-01,37740.0
SC,2002-01-01,37810.0
SC,2003-01-01,38480.0
SC,2004-01-01,38690.0
SC,2005-01-01,40230.0
SC,2006-01-01,39620.0
SC,2007-01-01,44210.0
SC,2008-01-01,42160.0
SC,2009-01-01,41100.0
SC,2010-01-01,41700.0
SC,2011-01-01,40080.0
SC,2012-01-01,44400.0
SC,2013-01-01,43560.0
SC,2014-01-01,44930.0
SC,2015-01-01,46360.0
SC,2016-01-01,54340.0
SC,2017-01-01,54540.0
SC,2018-01-01,57440.0
SC,2019-01-01,62030.0
SC,2020-01-01,60340.0
SC,2021-01-01,62540.0
SC,2022-01-01,61770.0
SC,2023-01-01,69100.0
SC,2024-01-01,76780.0
SD,1984-01-01,19410.0
SD,1985-01-01,18140.0
SD,1986-01-01,19900.0
SD,1987-01-01,21150.0
SD,1988-01-01,22290.0
SD,1989-01-01,24110.0
SD,1990-01-01,24570.0
SD,1991-01-01,24640.0
SD,1992-01-01,26260.0
SD,1993-01-01,27740.0
SD,1994-01-01,29730.0
SD,1995-01-01,29580.0
SD,1996-01-01,29530.0
SD,1997-01-01,29690.0
SD,1998-01-01,32790.0
SD,1999-01-01,35830.0
SD,2000-01-01,36480.0
SD,2001-01-01,39670.0
SD,2002-01-01,37870.0
SD,2003-01-01,39520.0
SD,2004-01-01,41110.0
SD,2005-01-01,43150.0
SD,2006-01-01,45430.0
SD,2007-01-01,46420.0
SD,2008-01-01,51600.0
SD,2009-01-01,45830.0
SD,2010-01-01,45350.0
SD,2011-01-01,47220.0
SD,2012-01-01,49420.0
SD,2013-01-01,53410.0
SD,2014-01-01,53050.0
SD,2015-01-01,55070.0
SD,2016-01-01,57450.0
SD,2017-01-01,56910.0
SD,2018-01-01,59460.0
SD,2019-01-01,64260.0
SD,2020-01-01,70190.0
SD,2021-01-01,73890.0
SD,2022-01-01,67180.0
SD,2023-01-01,81740.0
SD,2024-01-01,79850.0
TN,1984-01-01,16780.0
TN,1985-01-01,17780.0
TN,1986-01-01,18260.0
TN,1987-01-01,21180.0
TN,1988-01-01,20860.0
TN,1989-01-01,22610.0
TN,1990-01-01,22590.0
TN,1991-01-01,24450.0
TN,1992-01-01,24320.0
TN,1993-01-01,25100.0
TN,1994-01-01,28640.0
TN,1995-01-01,29020.0
TN,1996-01-01,30790.0
TN,1997-01-01,30640.0
TN,1998-01-01,34090.0
TN,1999-01-01,36520.0
TN,2000-01-01,34100.0
TN,2001-01-01,35780.0
TN,2002-01-01,37030.0
TN,2003-01-01,37520.0
TN,2004-01-01,38070.0
TN,2005-01-01,39410.0
TN,2006-01-01,40690.0
TN,2007-01-01,41200.0
TN,2008-01-01,39700.0
TN,2009-01-01,40520.0
TN,2010-01-01,38590.0
TN,2011-01-01,42280.0
TN,2012-01-01,43000.0
TN,2013-01-01,43360.0
TN,2014-01-01,43720.0
TN,2015-01-01,47330.0
TN,2016-01-01,51340.0
TN,2017-01-01,55310.0
TN,2018-01-01,56060.0
TN,2019-01-01,56630.0
TN,2020-01-01,54970.0
TN,2021-01-01,62170.0
TN,2022-01-01,65380.0
TN,2023-01-01,72700.0
TN,2024-01-01,75860.0
TX,1984-01-01,23020.0
TX,1985-01-01,23740.0
TX,1986-01-01,24160.0
TX,1987-01-01,24720.0
TX,1988-01-01,24960.0
TX,1989-01-01,25890.0
TX,1990-01-01,28230.0
TX,1991-01-01,27730.0
TX,1992-01-01,27950.0
TX,1993-01-01,28730.0
TX,1994-01-01,30760.0
TX,1995-01-01,32040.0
TX,1996-01-01,33070.0
TX,1997-01-01,35080.0
TX,1998-01-01,35780.0
TX,1999-01-01,38690.0
TX,2000-01-01,38610.0
TX,2001-01-01,40860.0
TX,2002-01-01,40150.0
TX,2003-01-01,39270.0
TX,2004-01-01,41400.0
TX,2005-01-01,41420.0
TX,2006-01-01,43310.0
TX,2007-01-01,46050.0
TX,2008-01-01,46490.0
TX,2009-01-01,47480.0
TX,2010-01-01,47270.0
TX,2011-01-01,49050.0
TX,2012-01-01,51930.0
TX,2013-01-01,51410.0
TX,2014-01-01,53880.0
TX,2015-01-01,56470.0
TX,2016-01-01,58150.0
TX,2017-01-01,60090.0
TX,2018-01-01,59790.0
TX,2019-01-01,67440.0
TX,2020-01-01,68400.0
TX,2021-01-01,67400.0
TX,2022-01-01,74640.0
TX,2023-01-01,79060.0
TX,2024-01-01,81490.0
UT,1984-01-01,23060.0
UT,1985-01-01,25240.0
UT,1986-01-01,26280.0
UT,1987-01-01,26530.0
UT,1988-01-01,26310.0
UT,1989-01-01,30720.0
UT,1990-01-01,30140.0
UT,1991-01-01,28020.0
UT,1992-01-01,34250.0
UT,1993-01-01,35790.0
UT,1994-01-01,35720.0
UT,1995-01-01,36480.0
UT,1996-01-01,37040.0
UT,1997-01-01,42780.0
UT,1998-01-01,44300.0
UT,1999-01-01,46050.0
UT,2000-01-01,47550.0
UT,2001-01-01,47340.0
UT,2002-01-01,47860.0
UT,2003-01-01,49280.0
UT,2004-01-01,50870.0
UT,2005-01-01,54810.0
UT,2006-01-01,54630.0
UT,2007-01-01,53530.0
UT,2008-01-01,62540.0
UT,2009-01-01,58490.0
UT,2010-01-01,56700.0
UT,2011-01-01,55490.0
UT,2012-01-01,58340.0
UT,2013-01-01,61050.0
UT,2014-01-01,63380.0
UT,2015-01-01,66260.0
UT,2016-01-01,67480.0
UT,2017-01-01,69790.0
UT,2018-01-01,77070.0
UT,2019-01-01,84520.0
UT,2020-01-01,83990.0
UT,2021-01-01,87650.0
UT,2022-01-01,95800.0
UT,2023-01-01,101200.0
UT,2024-01-01,104000.0
VT,1984-01-01,22580.0
VT,1985-01-01,26000.0
VT,1986-01-01,24600.0
VT,1987-01-01,25420.0
VT,1988-01-01,28990.0
VT,1989-01-01,31300.0
VT,1990-01-01,31100.0
VT,1991-01-01,29160.0
VT,1992-01-01,32760.0
VT,1993-01-01,31070.0
VT,1994-01-01,35800.0
VT,1995-01-01,33820.0
VT,1996-01-01,32360.0
VT,1997-01-01,35050.0
VT,1998-01-01,39370.0
VT,1999-01-01,41580.0
VT,2000-01-01,39590.0
VT,2001-01-01,40790.0
VT,2002-01-01,43000.0
VT,2003-01-01,43260.0
VT,2004-01-01,47330.0
VT,2005-01-01,50700.0
VT,2006-01-01,51980.0
VT,2007-01-01,47390.0
VT,2008-01-01,50710.0
VT,2009-01-01,52320.0
VT,2010-01-01,55930.0
VT,2011-01-01,51860.0
VT,2012-01-01,55580.0
VT,2013-01-01,65510.0
VT,2014-01-01,60710.0
VT,2015-01-01,59490.0
VT,2016-01-01,60840.0
VT,2017-01-01,63680.0
VT,2018-01-01,70070.0
VT,2019-01-01,74310.0
VT,2020-01-01,67260.0
VT,2021-01-01,76080.0
VT,2022-01-01,72190.0
VT,2023-01-01,85190.0
VT,2024-01-01,85260.0
VA,1984-01-01,26530.0
VA,1985-01-01,28430.0
VA,1986-01-01,29720.0
VA,1987-01-01,30000.0
VA,1988-01-01,32650.0
VA,1989-01-01,34120.0
VA,1990-01-01,35070.0
VA,1991-01-01,36140.0
VA,1992-01-01,38200.0
VA,1993-01-01,36430.0
VA,1994-01-01,37650.0
VA,1995-01-01,36220.0
VA,1996-01-01,39210.0
VA,1997-01-01,42960.0
VA,1998-01-01,43350.0
VA,1999-01-01,45690.0
VA,2000-01-01,47160.0
VA,2001-01-01,50240.0
VA,2002-01-01,49630.0
VA,2003-01-01,54780.0
VA,2004-01-01,51140.0
VA,2005-01-01,51910.0
VA,2006-01-01,57120.0
VA,2007-01-01,59160.0
VA,2008-01-01,61990.0
VA,2009-01-01,60500.0
VA,2010-01-01,60370.0
VA,2011-01-01,62620.0
VA,2012-01-01,64630.0
VA,2013-01-01,65910.0
VA,2014-01-01,66160.0
VA,2015-01-01,61490.0
VA,2016-01-01,66450.0
VA,2017-01-01,70810.0
VA,2018-01-01,77150.0
VA,2019-01-01,81310.0
VA,2020-01-01,82210.0
VA,2021-01-01,80270.0
VA,2022-01-01,85170.0
VA,2023-01-01,96490.0
VA,2024-01-01,97720.0
WA,1984-01-01,25020.0
WA,1985-01-01,24000.0
WA,1986-01-01,26880.0
WA,1987-01-01,27320.0
WA,1988-01-01,32330.0
WA,1989-01-01,31960.0
WA,1990-01-01,32110.0
WA,1991-01-01,33970.0
WA,1992-01-01,33900.0
WA,1993-01-01,35660.0
WA,1994-01-01,33530.0
WA,1995-01-01,35570.0
WA,1996-01-01,36680.0
WA,1997-01-01,44560.0
WA,1998-01-01,47420.0
WA,1999-01-01,45470.0
WA,2000-01-01,42530.0
WA,2001-01-01,42490.0
WA,2002-01-01,45180.0
WA,2003-01-01,47510.0
WA,2004-01-01,49920.0
WA,2005-01-01,50650.0
WA,2006-01-01,54720.0
WA,2007-01-01,58080.0
WA,2008-01-01,56630.0
WA,2009-01-01,60390.0
WA,2010-01-01,56160.0
WA,2011-01-01,56850.0
WA,2012-01-01,62190.0
WA,2013-01-01,63920.0
WA,2014-01-01,59070.0
WA,2015-01-01,67240.0
WA,2016-01-01,70310.0
WA,2017-01-01,71540.0
WA,2018-01-01,79730.0
WA,2019-01-01,82450.0
WA,2020-01-01,81360.0
WA,2021-01-01,87650.0
WA,2022-01-01,89430.0
WA,2023-01-01,93440.0
WA,2024-01-01,97500.0
WV,1984-01-01,16840.0
WV,1985-01-01,15980.0
WV,1986-01-01,16460.0
WV,1987-01-01,17210.0
WV,1988-01-01,19350.0
WV,1989-01-01,21680.0
WV,1990-01-01,22140.0
WV,1991-01-01,23150.0
WV,1992-01-01,20270.0
WV,1993-01-01,22420.0
WV,1994-01-01,23560.0
WV,1995-01-01,24880.0
WV,1996-01-01,25250.0
WV,1997-01-01,27490.0
WV,1998-01-01,26700.0
WV,1999-01-01,29300.0
WV,2000-01-01,29410.0
WV,2001-01-01,29670.0
WV,2002-01-01,29360.0
WV,2003-01-01,32760.0
WV,2004-01-01,33370.0
WV,2005-01-01,36450.0
WV,2006-01-01,38420.0
WV,2007-01-01,42090.0
WV,2008-01-01,37990.0
WV,2009-01-01,40490.0
WV,2010-01-01,42780.0
WV,2011-01-01,41820.0
WV,2012-01-01,43550.0
WV,2013-01-01,43070.0
WV,2014-01-01,39550.0
WV,2015-01-01,42820.0
WV,2016-01-01,44350.0
WV,2017-01-01,46960.0
WV,2018-01-01,50570.0
WV,2019-01-01,53710.0
WV,2020-01-01,51970.0
WV,2021-01-01,46840.0
WV,2022-01-01,52460.0
WV,2023-01-01,60410.0
WV,2024-01-01,63150.0
WI,1984-01-01,20740.0
WI,1985-01-01,23250.0
WI,1986-01-01,26430.0
WI,1987-01-01,26370.0
WI,1988-01-01,29580.0
WI,1989-01-01,29120.0
WI,1990-01-01,30710.0
WI,1991-01-01,31130.0
WI,1992-01-01,33310.0
WI,1993-01-01,31770.0
WI,1994-01-01,35390.0
WI,1995-01-01,40960.0
WI,1996-01-01,40000.0
WI,1997-01-01,39600.0
WI,1998-01-01,41330.0
WI,1999-01-01,45670.0
WI,2000-01-01,45090.0
WI,2001-01-01,45350.0
WI,2002-01-01,45900.0
WI,2003-01-01,46270.0
WI,2004-01-01,45730.0
WI,2005-01-01,44650.0
WI,2006-01-01,51690.0
WI,2007-01-01,51280.0
WI,2008-01-01,51200.0
WI,2009-01-01,51240.0
WI,2010-01-01,50350.0
WI,2011-01-01,52060.0
WI,2012-01-01,53080.0
WI,2013-01-01,51730.0
WI,2014-01-01,58080.0
WI,2015-01-01,55430.0
WI,2016-01-01,59820.0
WI,2017-01-01,63480.0
WI,2018-01-01,62630.0
WI,2019-01-01,67350.0
WI,2020-01-01,67410.0
WI,2021-01-01,69940.0
WI,2022-01-01,73330.0
WI,2023-01-01,79690.0
WI,2024-01-01,82560.0
WY,1984-01-01,23820.0
WY,1985-01-01,22080.0
WY,1986-01-01,23560.0
WY,1987-01-01,27590.0
WY,1988-01-01,26420.0
WY,1989-01-01,29520.0
WY,1990-01-01,29460.0
WY,1991-01-01,29050.0
WY,1992-01-01,30210.0
WY,1993-01-01,29440.0
WY,1994-01-01,33140.0
WY,1995-01-01,31530.0
WY,1996-01-01,30950.0
WY,1997-01-01,33420.0
WY,1998-01-01,35250.0
WY,1999-01-01,37250.0
WY,2000-01-01,39630.0
WY,2001-01-01,39720.0
WY,2002-01-01,39760.0
WY,2003-01-01,42560.0
WY,2004-01-01,45400.0
WY,2005-01-01,44720.0
WY,2006-01-01,47040.0
WY,2007-01-01,48740.0
WY,2008-01-01,53340.0
WY,2009-01-01,52470.0
WY,2010-01-01,52200.0
WY,2011-01-01,54510.0
WY,2012-01-01,57510.0
WY,2013-01-01,67440.0
WY,2014-01-01,55690.0
WY,2015-01-01,60930.0
WY,2016-01-01,57830.0
WY,2017-01-01,59540.0
WY,2018-01-01,62540.0
WY,2019-01-01,65130.0
WY,2020-01-01,65450.0
WY,2021-01-01,71050.0
WY,2022-01-01,73090.0
WY,2023-01-01,77200.0
WY,2024-01-01,78680.0
